
Bắt đầu quy trình ETL TỰ ĐỘNG: Extract (Crawl) -> Transform -> Load vào MySQL.

--- Đang gửi GET Request cho Trang 1 tại URL: https://www.topcv.vn/tim-viec-lam-moi-nhat?sort=new&type_keyword=1&sba=1&page=1 ---
Hoàn thành trích xuất Trang 1. Đã thêm 50 công việc. Tổng số BẢN GHI (đã nhân bản): 85.
Tạm dừng 11.65 giây trước khi chuyển sang trang tiếp theo.

--- Đang gửi GET Request cho Trang 2 tại URL: https://www.topcv.vn/tim-viec-lam-moi-nhat?sort=new&type_keyword=1&sba=1&page=2 ---
Hoàn thành trích xuất Trang 2. Đã thêm 50 công việc. Tổng số BẢN GHI (đã nhân bản): 173.
Tạm dừng 11.61 giây trước khi chuyển sang trang tiếp theo.

--- Đang gửi GET Request cho Trang 3 tại URL: https://www.topcv.vn/tim-viec-lam-moi-nhat?sort=new&type_keyword=1&sba=1&page=3 ---
Hoàn thành trích xuất Trang 3. Đã thêm 50 công việc. Tổng số BẢN GHI (đã nhân bản): 261.
Tạm dừng 6.01 giây trước khi chuyển sang trang tiếp theo.

--- Đang gửi GET Request cho Trang 4 tại URL: https://www.topcv.vn/tim-viec-lam-moi-nhat?sort=new&type_keyword=1&sba=1&page=4 ---
Hoàn thành trích xuất Trang 4. Đã thêm 50 công việc. Tổng số BẢN GHI (đã nhân bản): 349.
Tạm dừng 9.31 giây trước khi chuyển sang trang tiếp theo.

--- Đang gửi GET Request cho Trang 5 tại URL: https://www.topcv.vn/tim-viec-lam-moi-nhat?sort=new&type_keyword=1&sba=1&page=5 ---
Hoàn thành trích xuất Trang 5. Đã thêm 50 công việc. Tổng số BẢN GHI (đã nhân bản): 439.
Tạm dừng 5.36 giây trước khi chuyển sang trang tiếp theo.

--- Đang gửi GET Request cho Trang 6 tại URL: https://www.topcv.vn/tim-viec-lam-moi-nhat?sort=new&type_keyword=1&sba=1&page=6 ---
Hoàn thành trích xuất Trang 6. Đã thêm 50 công việc. Tổng số BẢN GHI (đã nhân bản): 530.
Tạm dừng 6.77 giây trước khi chuyển sang trang tiếp theo.

--- Đang gửi GET Request cho Trang 7 tại URL: https://www.topcv.vn/tim-viec-lam-moi-nhat?sort=new&type_keyword=1&sba=1&page=7 ---
Hoàn thành trích xuất Trang 7. Đã thêm 50 công việc. Tổng số BẢN GHI (đã nhân bản): 618.
Tạm dừng 7.42 giây trước khi chuyển sang trang tiếp theo.

--- Đang gửi GET Request cho Trang 8 tại URL: https://www.topcv.vn/tim-viec-lam-moi-nhat?sort=new&type_keyword=1&sba=1&page=8 ---
Hoàn thành trích xuất Trang 8. Đã thêm 50 công việc. Tổng số BẢN GHI (đã nhân bản): 706.
Tạm dừng 9.23 giây trước khi chuyển sang trang tiếp theo.

--- Đang gửi GET Request cho Trang 9 tại URL: https://www.topcv.vn/tim-viec-lam-moi-nhat?sort=new&type_keyword=1&sba=1&page=9 ---
Hoàn thành trích xuất Trang 9. Đã thêm 50 công việc. Tổng số BẢN GHI (đã nhân bản): 797.
Tạm dừng 11.94 giây trước khi chuyển sang trang tiếp theo.

--- Đang gửi GET Request cho Trang 10 tại URL: https://www.topcv.vn/tim-viec-lam-moi-nhat?sort=new&type_keyword=1&sba=1&page=10 ---
Hoàn thành trích xuất Trang 10. Đã thêm 50 công việc. Tổng số BẢN GHI (đã nhân bản): 885.
Tạm dừng 5.31 giây trước khi chuyển sang trang tiếp theo.

--- Đang gửi GET Request cho Trang 11 tại URL: https://www.topcv.vn/tim-viec-lam-moi-nhat?sort=new&type_keyword=1&sba=1&page=11 ---
Hoàn thành trích xuất Trang 11. Đã thêm 50 công việc. Tổng số BẢN GHI (đã nhân bản): 969.
Tạm dừng 11.69 giây trước khi chuyển sang trang tiếp theo.

--- Đang gửi GET Request cho Trang 12 tại URL: https://www.topcv.vn/tim-viec-lam-moi-nhat?sort=new&type_keyword=1&sba=1&page=12 ---
Hoàn thành trích xuất Trang 12. Đã thêm 50 công việc. Tổng số BẢN GHI (đã nhân bản): 1054.
Tạm dừng 11.26 giây trước khi chuyển sang trang tiếp theo.

--- Đang gửi GET Request cho Trang 13 tại URL: https://www.topcv.vn/tim-viec-lam-moi-nhat?sort=new&type_keyword=1&sba=1&page=13 ---
Hoàn thành trích xuất Trang 13. Đã thêm 50 công việc. Tổng số BẢN GHI (đã nhân bản): 1145.
Tạm dừng 7.18 giây trước khi chuyển sang trang tiếp theo.

--- Đang gửi GET Request cho Trang 14 tại URL: https://www.topcv.vn/tim-viec-lam-moi-nhat?sort=new&type_keyword=1&sba=1&page=14 ---
Hoàn thành trích xuất Trang 14. Đã thêm 50 công việc. Tổng số BẢN GHI (đã nhân bản): 1237.
Tạm dừng 9.01 giây trước khi chuyển sang trang tiếp theo.

--- Đang gửi GET Request cho Trang 15 tại URL: https://www.topcv.vn/tim-viec-lam-moi-nhat?sort=new&type_keyword=1&sba=1&page=15 ---
Hoàn thành trích xuất Trang 15. Đã thêm 50 công việc. Tổng số BẢN GHI (đã nhân bản): 1324.
Tạm dừng 10.56 giây trước khi chuyển sang trang tiếp theo.

--- Đang gửi GET Request cho Trang 16 tại URL: https://www.topcv.vn/tim-viec-lam-moi-nhat?sort=new&type_keyword=1&sba=1&page=16 ---
Hoàn thành trích xuất Trang 16. Đã thêm 50 công việc. Tổng số BẢN GHI (đã nhân bản): 1411.
Tạm dừng 9.65 giây trước khi chuyển sang trang tiếp theo.

--- Đang gửi GET Request cho Trang 17 tại URL: https://www.topcv.vn/tim-viec-lam-moi-nhat?sort=new&type_keyword=1&sba=1&page=17 ---
Bỏ qua tin tuyển dụng KHÔNG phải tin mới (Thời gian: Đăng1 tuần trước). Tiếp tục tìm kiếm.
Bỏ qua tin tuyển dụng KHÔNG phải tin mới (Thời gian: Đăng1 tuần trước). Tiếp tục tìm kiếm.
Bỏ qua tin tuyển dụng KHÔNG phải tin mới (Thời gian: Đăng1 tuần trước). Tiếp tục tìm kiếm.
Bỏ qua tin tuyển dụng KHÔNG phải tin mới (Thời gian: Đăng1 tuần trước). Tiếp tục tìm kiếm.
Bỏ qua tin tuyển dụng KHÔNG phải tin mới (Thời gian: Đăng1 tuần trước). Tiếp tục tìm kiếm.
Bỏ qua tin tuyển dụng KHÔNG phải tin mới (Thời gian: Đăng1 tuần trước). Tiếp tục tìm kiếm.
Bỏ qua tin tuyển dụng KHÔNG phải tin mới (Thời gian: Đăng1 tuần trước). Tiếp tục tìm kiếm.
Bỏ qua tin tuyển dụng KHÔNG phải tin mới (Thời gian: Đăng1 tuần trước). Tiếp tục tìm kiếm.
Bỏ qua tin tuyển dụng KHÔNG phải tin mới (Thời gian: Đăng1 tuần trước). Tiếp tục tìm kiếm.
Bỏ qua tin tuyển dụng KHÔNG phải tin mới (Thời gian: Đăng1 tuần trước). Tiếp tục tìm kiếm.
Bỏ qua tin tuyển dụng KHÔNG phải tin mới (Thời gian: Đăng1 tuần trước). Tiếp tục tìm kiếm.
Bỏ qua tin tuyển dụng KHÔNG phải tin mới (Thời gian: Đăng1 tuần trước). Tiếp tục tìm kiếm.
Bỏ qua tin tuyển dụng KHÔNG phải tin mới (Thời gian: Đăng1 tuần trước). Tiếp tục tìm kiếm.
Bỏ qua tin tuyển dụng KHÔNG phải tin mới (Thời gian: Đăng1 tuần trước). Tiếp tục tìm kiếm.
Bỏ qua tin tuyển dụng KHÔNG phải tin mới (Thời gian: Đăng1 tuần trước). Tiếp tục tìm kiếm.
Bỏ qua tin tuyển dụng KHÔNG phải tin mới (Thời gian: Đăng1 tuần trước). Tiếp tục tìm kiếm.
Bỏ qua tin tuyển dụng KHÔNG phải tin mới (Thời gian: Đăng1 tuần trước). Tiếp tục tìm kiếm.
Bỏ qua tin tuyển dụng KHÔNG phải tin mới (Thời gian: Đăng1 tuần trước). Tiếp tục tìm kiếm.
Bỏ qua tin tuyển dụng KHÔNG phải tin mới (Thời gian: Đăng1 tuần trước). Tiếp tục tìm kiếm.
Bỏ qua tin tuyển dụng KHÔNG phải tin mới (Thời gian: Đăng1 tuần trước). Tiếp tục tìm kiếm.
Bỏ qua tin tuyển dụng KHÔNG phải tin mới (Thời gian: Đăng1 tuần trước). Tiếp tục tìm kiếm.
Bỏ qua tin tuyển dụng KHÔNG phải tin mới (Thời gian: Đăng1 tuần trước). Tiếp tục tìm kiếm.
Bỏ qua tin tuyển dụng KHÔNG phải tin mới (Thời gian: Đăng1 tuần trước). Tiếp tục tìm kiếm.
Bỏ qua tin tuyển dụng KHÔNG phải tin mới (Thời gian: Đăng1 tuần trước). Tiếp tục tìm kiếm.
Hoàn thành trích xuất Trang 17. Đã thêm 26 công việc. Tổng số BẢN GHI (đã nhân bản): 1457.
Tạm dừng 6.62 giây trước khi chuyển sang trang tiếp theo.

--- Đang gửi GET Request cho Trang 18 tại URL: https://www.topcv.vn/tim-viec-lam-moi-nhat?sort=new&type_keyword=1&sba=1&page=18 ---
Bỏ qua tin tuyển dụng KHÔNG phải tin mới (Thời gian: Đăng1 tuần trước). Tiếp tục tìm kiếm.
Bỏ qua tin tuyển dụng KHÔNG phải tin mới (Thời gian: Đăng1 tuần trước). Tiếp tục tìm kiếm.
Bỏ qua tin tuyển dụng KHÔNG phải tin mới (Thời gian: Đăng1 tuần trước). Tiếp tục tìm kiếm.
Bỏ qua tin tuyển dụng KHÔNG phải tin mới (Thời gian: Đăng1 tuần trước). Tiếp tục tìm kiếm.
Bỏ qua tin tuyển dụng KHÔNG phải tin mới (Thời gian: Đăng1 tuần trước). Tiếp tục tìm kiếm.
Bỏ qua tin tuyển dụng KHÔNG phải tin mới (Thời gian: Đăng1 tuần trước). Tiếp tục tìm kiếm.
Bỏ qua tin tuyển dụng KHÔNG phải tin mới (Thời gian: Đăng1 tuần trước). Tiếp tục tìm kiếm.
Bỏ qua tin tuyển dụng KHÔNG phải tin mới (Thời gian: Đăng1 tuần trước). Tiếp tục tìm kiếm.
Bỏ qua tin tuyển dụng KHÔNG phải tin mới (Thời gian: Đăng1 tuần trước). Tiếp tục tìm kiếm.
Bỏ qua tin tuyển dụng KHÔNG phải tin mới (Thời gian: Đăng1 tuần trước). Tiếp tục tìm kiếm.
Bỏ qua tin tuyển dụng KHÔNG phải tin mới (Thời gian: Đăng1 tuần trước). Tiếp tục tìm kiếm.
Bỏ qua tin tuyển dụng KHÔNG phải tin mới (Thời gian: Đăng1 tuần trước). Tiếp tục tìm kiếm.
Bỏ qua tin tuyển dụng KHÔNG phải tin mới (Thời gian: Đăng1 tuần trước). Tiếp tục tìm kiếm.
Bỏ qua tin tuyển dụng KHÔNG phải tin mới (Thời gian: Đăng1 tuần trước). Tiếp tục tìm kiếm.
Bỏ qua tin tuyển dụng KHÔNG phải tin mới (Thời gian: Đăng1 tuần trước). Tiếp tục tìm kiếm.
Bỏ qua tin tuyển dụng KHÔNG phải tin mới (Thời gian: Đăng1 tuần trước). Tiếp tục tìm kiếm.
Bỏ qua tin tuyển dụng KHÔNG phải tin mới (Thời gian: Đăng1 tuần trước). Tiếp tục tìm kiếm.
Bỏ qua tin tuyển dụng KHÔNG phải tin mới (Thời gian: Đăng1 tuần trước). Tiếp tục tìm kiếm.
Bỏ qua tin tuyển dụng KHÔNG phải tin mới (Thời gian: Đăng1 tuần trước). Tiếp tục tìm kiếm.
Bỏ qua tin tuyển dụng KHÔNG phải tin mới (Thời gian: Đăng1 tuần trước). Tiếp tục tìm kiếm.
Bỏ qua tin tuyển dụng KHÔNG phải tin mới (Thời gian: Đăng1 tuần trước). Tiếp tục tìm kiếm.
Bỏ qua tin tuyển dụng KHÔNG phải tin mới (Thời gian: Đăng1 tuần trước). Tiếp tục tìm kiếm.
Bỏ qua tin tuyển dụng KHÔNG phải tin mới (Thời gian: Đăng1 tuần trước). Tiếp tục tìm kiếm.
Bỏ qua tin tuyển dụng KHÔNG phải tin mới (Thời gian: Đăng1 tuần trước). Tiếp tục tìm kiếm.
Bỏ qua tin tuyển dụng KHÔNG phải tin mới (Thời gian: Đăng1 tuần trước). Tiếp tục tìm kiếm.
Bỏ qua tin tuyển dụng KHÔNG phải tin mới (Thời gian: Đăng1 tuần trước). Tiếp tục tìm kiếm.
Bỏ qua tin tuyển dụng KHÔNG phải tin mới (Thời gian: Đăng1 tuần trước). Tiếp tục tìm kiếm.
Bỏ qua tin tuyển dụng KHÔNG phải tin mới (Thời gian: Đăng1 tuần trước). Tiếp tục tìm kiếm.
Bỏ qua tin tuyển dụng KHÔNG phải tin mới (Thời gian: Đăng1 tuần trước). Tiếp tục tìm kiếm.
Bỏ qua tin tuyển dụng KHÔNG phải tin mới (Thời gian: Đăng1 tuần trước). Tiếp tục tìm kiếm.
Bỏ qua tin tuyển dụng KHÔNG phải tin mới (Thời gian: Đăng1 tuần trước). Tiếp tục tìm kiếm.
Bỏ qua tin tuyển dụng KHÔNG phải tin mới (Thời gian: Đăng1 tuần trước). Tiếp tục tìm kiếm.
Bỏ qua tin tuyển dụng KHÔNG phải tin mới (Thời gian: Đăng1 tuần trước). Tiếp tục tìm kiếm.
Bỏ qua tin tuyển dụng KHÔNG phải tin mới (Thời gian: Đăng1 tuần trước). Tiếp tục tìm kiếm.
Bỏ qua tin tuyển dụng KHÔNG phải tin mới (Thời gian: Đăng1 tuần trước). Tiếp tục tìm kiếm.
Bỏ qua tin tuyển dụng KHÔNG phải tin mới (Thời gian: Đăng1 tuần trước). Tiếp tục tìm kiếm.
Bỏ qua tin tuyển dụng KHÔNG phải tin mới (Thời gian: Đăng1 tuần trước). Tiếp tục tìm kiếm.
Bỏ qua tin tuyển dụng KHÔNG phải tin mới (Thời gian: Đăng1 tuần trước). Tiếp tục tìm kiếm.
Bỏ qua tin tuyển dụng KHÔNG phải tin mới (Thời gian: Đăng1 tuần trước). Tiếp tục tìm kiếm.
Bỏ qua tin tuyển dụng KHÔNG phải tin mới (Thời gian: Đăng1 tuần trước). Tiếp tục tìm kiếm.
Bỏ qua tin tuyển dụng KHÔNG phải tin mới (Thời gian: Đăng1 tuần trước). Tiếp tục tìm kiếm.
Bỏ qua tin tuyển dụng KHÔNG phải tin mới (Thời gian: Đăng1 tuần trước). Tiếp tục tìm kiếm.
Bỏ qua tin tuyển dụng KHÔNG phải tin mới (Thời gian: Đăng1 tuần trước). Tiếp tục tìm kiếm.
Bỏ qua tin tuyển dụng KHÔNG phải tin mới (Thời gian: Đăng1 tuần trước). Tiếp tục tìm kiếm.
Bỏ qua tin tuyển dụng KHÔNG phải tin mới (Thời gian: Đăng1 tuần trước). Tiếp tục tìm kiếm.
Bỏ qua tin tuyển dụng KHÔNG phải tin mới (Thời gian: Đăng1 tuần trước). Tiếp tục tìm kiếm.
Bỏ qua tin tuyển dụng KHÔNG phải tin mới (Thời gian: Đăng1 tuần trước). Tiếp tục tìm kiếm.
Bỏ qua tin tuyển dụng KHÔNG phải tin mới (Thời gian: Đăng1 tuần trước). Tiếp tục tìm kiếm.
Bỏ qua tin tuyển dụng KHÔNG phải tin mới (Thời gian: Đăng1 tuần trước). Tiếp tục tìm kiếm.
Bỏ qua tin tuyển dụng KHÔNG phải tin mới (Thời gian: Đăng1 tuần trước). Tiếp tục tìm kiếm.
Hoàn thành trích xuất Trang 18. Đã thêm 0 công việc. Tổng số BẢN GHI (đã nhân bản): 1457.
Tạm dừng 9.66 giây trước khi chuyển sang trang tiếp theo.

--- Đang gửi GET Request cho Trang 19 tại URL: https://www.topcv.vn/tim-viec-lam-moi-nhat?sort=new&type_keyword=1&sba=1&page=19 ---
Bỏ qua tin tuyển dụng KHÔNG phải tin mới (Thời gian: Đăng1 tuần trước). Tiếp tục tìm kiếm.
Bỏ qua tin tuyển dụng KHÔNG phải tin mới (Thời gian: Đăng1 tuần trước). Tiếp tục tìm kiếm.
Bỏ qua tin tuyển dụng KHÔNG phải tin mới (Thời gian: Đăng1 tuần trước). Tiếp tục tìm kiếm.
Bỏ qua tin tuyển dụng KHÔNG phải tin mới (Thời gian: Đăng1 tuần trước). Tiếp tục tìm kiếm.
Bỏ qua tin tuyển dụng KHÔNG phải tin mới (Thời gian: Đăng1 tuần trước). Tiếp tục tìm kiếm.
Bỏ qua tin tuyển dụng KHÔNG phải tin mới (Thời gian: Đăng1 tuần trước). Tiếp tục tìm kiếm.
Bỏ qua tin tuyển dụng KHÔNG phải tin mới (Thời gian: Đăng1 tuần trước). Tiếp tục tìm kiếm.
Bỏ qua tin tuyển dụng KHÔNG phải tin mới (Thời gian: Đăng1 tuần trước). Tiếp tục tìm kiếm.
Bỏ qua tin tuyển dụng KHÔNG phải tin mới (Thời gian: Đăng1 tuần trước). Tiếp tục tìm kiếm.
Bỏ qua tin tuyển dụng KHÔNG phải tin mới (Thời gian: Đăng1 tuần trước). Tiếp tục tìm kiếm.
Bỏ qua tin tuyển dụng KHÔNG phải tin mới (Thời gian: Đăng1 tuần trước). Tiếp tục tìm kiếm.
Bỏ qua tin tuyển dụng KHÔNG phải tin mới (Thời gian: Đăng1 tuần trước). Tiếp tục tìm kiếm.
Bỏ qua tin tuyển dụng KHÔNG phải tin mới (Thời gian: Đăng1 tuần trước). Tiếp tục tìm kiếm.
Bỏ qua tin tuyển dụng KHÔNG phải tin mới (Thời gian: Đăng1 tuần trước). Tiếp tục tìm kiếm.
Bỏ qua tin tuyển dụng KHÔNG phải tin mới (Thời gian: Đăng1 tuần trước). Tiếp tục tìm kiếm.
Bỏ qua tin tuyển dụng KHÔNG phải tin mới (Thời gian: Đăng1 tuần trước). Tiếp tục tìm kiếm.
Bỏ qua tin tuyển dụng KHÔNG phải tin mới (Thời gian: Đăng1 tuần trước). Tiếp tục tìm kiếm.
Bỏ qua tin tuyển dụng KHÔNG phải tin mới (Thời gian: Đăng1 tuần trước). Tiếp tục tìm kiếm.
Bỏ qua tin tuyển dụng KHÔNG phải tin mới (Thời gian: Đăng1 tuần trước). Tiếp tục tìm kiếm.
Bỏ qua tin tuyển dụng KHÔNG phải tin mới (Thời gian: Đăng1 tuần trước). Tiếp tục tìm kiếm.
Bỏ qua tin tuyển dụng KHÔNG phải tin mới (Thời gian: Đăng1 tuần trước). Tiếp tục tìm kiếm.
Bỏ qua tin tuyển dụng KHÔNG phải tin mới (Thời gian: Đăng1 tuần trước). Tiếp tục tìm kiếm.
Bỏ qua tin tuyển dụng KHÔNG phải tin mới (Thời gian: Đăng1 tuần trước). Tiếp tục tìm kiếm.
Bỏ qua tin tuyển dụng KHÔNG phải tin mới (Thời gian: Đăng1 tuần trước). Tiếp tục tìm kiếm.
Bỏ qua tin tuyển dụng KHÔNG phải tin mới (Thời gian: Đăng1 tuần trước). Tiếp tục tìm kiếm.
Bỏ qua tin tuyển dụng KHÔNG phải tin mới (Thời gian: Đăng1 tuần trước). Tiếp tục tìm kiếm.
Bỏ qua tin tuyển dụng KHÔNG phải tin mới (Thời gian: Đăng1 tuần trước). Tiếp tục tìm kiếm.
Bỏ qua tin tuyển dụng KHÔNG phải tin mới (Thời gian: Đăng1 tuần trước). Tiếp tục tìm kiếm.
Bỏ qua tin tuyển dụng KHÔNG phải tin mới (Thời gian: Đăng1 tuần trước). Tiếp tục tìm kiếm.
Bỏ qua tin tuyển dụng KHÔNG phải tin mới (Thời gian: Đăng1 tuần trước). Tiếp tục tìm kiếm.
Bỏ qua tin tuyển dụng KHÔNG phải tin mới (Thời gian: Đăng1 tuần trước). Tiếp tục tìm kiếm.
Bỏ qua tin tuyển dụng KHÔNG phải tin mới (Thời gian: Đăng1 tuần trước). Tiếp tục tìm kiếm.
Bỏ qua tin tuyển dụng KHÔNG phải tin mới (Thời gian: Đăng1 tuần trước). Tiếp tục tìm kiếm.
Bỏ qua tin tuyển dụng KHÔNG phải tin mới (Thời gian: Đăng1 tuần trước). Tiếp tục tìm kiếm.
Bỏ qua tin tuyển dụng KHÔNG phải tin mới (Thời gian: Đăng1 tuần trước). Tiếp tục tìm kiếm.
Bỏ qua tin tuyển dụng KHÔNG phải tin mới (Thời gian: Đăng1 tuần trước). Tiếp tục tìm kiếm.
Bỏ qua tin tuyển dụng KHÔNG phải tin mới (Thời gian: Đăng1 tuần trước). Tiếp tục tìm kiếm.
Bỏ qua tin tuyển dụng KHÔNG phải tin mới (Thời gian: Đăng1 tuần trước). Tiếp tục tìm kiếm.
Bỏ qua tin tuyển dụng KHÔNG phải tin mới (Thời gian: Đăng1 tuần trước). Tiếp tục tìm kiếm.
Bỏ qua tin tuyển dụng KHÔNG phải tin mới (Thời gian: Đăng1 tuần trước). Tiếp tục tìm kiếm.
Bỏ qua tin tuyển dụng KHÔNG phải tin mới (Thời gian: Đăng1 tuần trước). Tiếp tục tìm kiếm.
Bỏ qua tin tuyển dụng KHÔNG phải tin mới (Thời gian: Đăng1 tuần trước). Tiếp tục tìm kiếm.
Bỏ qua tin tuyển dụng KHÔNG phải tin mới (Thời gian: Đăng1 tuần trước). Tiếp tục tìm kiếm.
Bỏ qua tin tuyển dụng KHÔNG phải tin mới (Thời gian: Đăng1 tuần trước). Tiếp tục tìm kiếm.
Bỏ qua tin tuyển dụng KHÔNG phải tin mới (Thời gian: Đăng1 tuần trước). Tiếp tục tìm kiếm.
Bỏ qua tin tuyển dụng KHÔNG phải tin mới (Thời gian: Đăng1 tuần trước). Tiếp tục tìm kiếm.
Bỏ qua tin tuyển dụng KHÔNG phải tin mới (Thời gian: Đăng1 tuần trước). Tiếp tục tìm kiếm.
Bỏ qua tin tuyển dụng KHÔNG phải tin mới (Thời gian: Đăng1 tuần trước). Tiếp tục tìm kiếm.
Bỏ qua tin tuyển dụng KHÔNG phải tin mới (Thời gian: Đăng1 tuần trước). Tiếp tục tìm kiếm.
Bỏ qua tin tuyển dụng KHÔNG phải tin mới (Thời gian: Đăng1 tuần trước). Tiếp tục tìm kiếm.
Hoàn thành trích xuất Trang 19. Đã thêm 0 công việc. Tổng số BẢN GHI (đã nhân bản): 1457.
Tạm dừng 7.45 giây trước khi chuyển sang trang tiếp theo.

--- Đang gửi GET Request cho Trang 20 tại URL: https://www.topcv.vn/tim-viec-lam-moi-nhat?sort=new&type_keyword=1&sba=1&page=20 ---
Bỏ qua tin tuyển dụng KHÔNG phải tin mới (Thời gian: Đăng1 tuần trước). Tiếp tục tìm kiếm.
Bỏ qua tin tuyển dụng KHÔNG phải tin mới (Thời gian: Đăng1 tuần trước). Tiếp tục tìm kiếm.
Bỏ qua tin tuyển dụng KHÔNG phải tin mới (Thời gian: Đăng1 tuần trước). Tiếp tục tìm kiếm.
Bỏ qua tin tuyển dụng KHÔNG phải tin mới (Thời gian: Đăng1 tuần trước). Tiếp tục tìm kiếm.
Bỏ qua tin tuyển dụng KHÔNG phải tin mới (Thời gian: Đăng1 tuần trước). Tiếp tục tìm kiếm.
Bỏ qua tin tuyển dụng KHÔNG phải tin mới (Thời gian: Đăng1 tuần trước). Tiếp tục tìm kiếm.
Bỏ qua tin tuyển dụng KHÔNG phải tin mới (Thời gian: Đăng1 tuần trước). Tiếp tục tìm kiếm.
Bỏ qua tin tuyển dụng KHÔNG phải tin mới (Thời gian: Đăng1 tuần trước). Tiếp tục tìm kiếm.
Bỏ qua tin tuyển dụng KHÔNG phải tin mới (Thời gian: Đăng1 tuần trước). Tiếp tục tìm kiếm.
Bỏ qua tin tuyển dụng KHÔNG phải tin mới (Thời gian: Đăng1 tuần trước). Tiếp tục tìm kiếm.
Bỏ qua tin tuyển dụng KHÔNG phải tin mới (Thời gian: Đăng1 tuần trước). Tiếp tục tìm kiếm.
Bỏ qua tin tuyển dụng KHÔNG phải tin mới (Thời gian: Đăng1 tuần trước). Tiếp tục tìm kiếm.
Bỏ qua tin tuyển dụng KHÔNG phải tin mới (Thời gian: Đăng1 tuần trước). Tiếp tục tìm kiếm.
Bỏ qua tin tuyển dụng KHÔNG phải tin mới (Thời gian: Đăng1 tuần trước). Tiếp tục tìm kiếm.
Bỏ qua tin tuyển dụng KHÔNG phải tin mới (Thời gian: Đăng1 tuần trước). Tiếp tục tìm kiếm.
Bỏ qua tin tuyển dụng KHÔNG phải tin mới (Thời gian: Đăng1 tuần trước). Tiếp tục tìm kiếm.
Bỏ qua tin tuyển dụng KHÔNG phải tin mới (Thời gian: Đăng1 tuần trước). Tiếp tục tìm kiếm.
Bỏ qua tin tuyển dụng KHÔNG phải tin mới (Thời gian: Đăng1 tuần trước). Tiếp tục tìm kiếm.
Bỏ qua tin tuyển dụng KHÔNG phải tin mới (Thời gian: Đăng1 tuần trước). Tiếp tục tìm kiếm.
Bỏ qua tin tuyển dụng KHÔNG phải tin mới (Thời gian: Đăng1 tuần trước). Tiếp tục tìm kiếm.
Bỏ qua tin tuyển dụng KHÔNG phải tin mới (Thời gian: Đăng1 tuần trước). Tiếp tục tìm kiếm.
Bỏ qua tin tuyển dụng KHÔNG phải tin mới (Thời gian: Đăng1 tuần trước). Tiếp tục tìm kiếm.
Bỏ qua tin tuyển dụng KHÔNG phải tin mới (Thời gian: Đăng1 tuần trước). Tiếp tục tìm kiếm.
Bỏ qua tin tuyển dụng KHÔNG phải tin mới (Thời gian: Đăng1 tuần trước). Tiếp tục tìm kiếm.
Bỏ qua tin tuyển dụng KHÔNG phải tin mới (Thời gian: Đăng1 tuần trước). Tiếp tục tìm kiếm.
Bỏ qua tin tuyển dụng KHÔNG phải tin mới (Thời gian: Đăng1 tuần trước). Tiếp tục tìm kiếm.
Bỏ qua tin tuyển dụng KHÔNG phải tin mới (Thời gian: Đăng1 tuần trước). Tiếp tục tìm kiếm.
Bỏ qua tin tuyển dụng KHÔNG phải tin mới (Thời gian: Đăng1 tuần trước). Tiếp tục tìm kiếm.
Bỏ qua tin tuyển dụng KHÔNG phải tin mới (Thời gian: Đăng1 tuần trước). Tiếp tục tìm kiếm.
Bỏ qua tin tuyển dụng KHÔNG phải tin mới (Thời gian: Đăng1 tuần trước). Tiếp tục tìm kiếm.
Bỏ qua tin tuyển dụng KHÔNG phải tin mới (Thời gian: Đăng1 tuần trước). Tiếp tục tìm kiếm.
Bỏ qua tin tuyển dụng KHÔNG phải tin mới (Thời gian: Đăng1 tuần trước). Tiếp tục tìm kiếm.
Bỏ qua tin tuyển dụng KHÔNG phải tin mới (Thời gian: Đăng1 tuần trước). Tiếp tục tìm kiếm.
Bỏ qua tin tuyển dụng KHÔNG phải tin mới (Thời gian: Đăng1 tuần trước). Tiếp tục tìm kiếm.
Bỏ qua tin tuyển dụng KHÔNG phải tin mới (Thời gian: Đăng1 tuần trước). Tiếp tục tìm kiếm.
Bỏ qua tin tuyển dụng KHÔNG phải tin mới (Thời gian: Đăng1 tuần trước). Tiếp tục tìm kiếm.
Bỏ qua tin tuyển dụng KHÔNG phải tin mới (Thời gian: Đăng1 tuần trước). Tiếp tục tìm kiếm.
Bỏ qua tin tuyển dụng KHÔNG phải tin mới (Thời gian: Đăng1 tuần trước). Tiếp tục tìm kiếm.
Bỏ qua tin tuyển dụng KHÔNG phải tin mới (Thời gian: Đăng1 tuần trước). Tiếp tục tìm kiếm.
Bỏ qua tin tuyển dụng KHÔNG phải tin mới (Thời gian: Đăng1 tuần trước). Tiếp tục tìm kiếm.
Bỏ qua tin tuyển dụng KHÔNG phải tin mới (Thời gian: Đăng1 tuần trước). Tiếp tục tìm kiếm.
Bỏ qua tin tuyển dụng KHÔNG phải tin mới (Thời gian: Đăng1 tuần trước). Tiếp tục tìm kiếm.
Bỏ qua tin tuyển dụng KHÔNG phải tin mới (Thời gian: Đăng1 tuần trước). Tiếp tục tìm kiếm.
Bỏ qua tin tuyển dụng KHÔNG phải tin mới (Thời gian: Đăng1 tuần trước). Tiếp tục tìm kiếm.
Bỏ qua tin tuyển dụng KHÔNG phải tin mới (Thời gian: Đăng1 tuần trước). Tiếp tục tìm kiếm.
Bỏ qua tin tuyển dụng KHÔNG phải tin mới (Thời gian: Đăng1 tuần trước). Tiếp tục tìm kiếm.
Bỏ qua tin tuyển dụng KHÔNG phải tin mới (Thời gian: Đăng1 tuần trước). Tiếp tục tìm kiếm.
Bỏ qua tin tuyển dụng KHÔNG phải tin mới (Thời gian: Đăng1 tuần trước). Tiếp tục tìm kiếm.
Bỏ qua tin tuyển dụng KHÔNG phải tin mới (Thời gian: Đăng1 tuần trước). Tiếp tục tìm kiếm.
Bỏ qua tin tuyển dụng KHÔNG phải tin mới (Thời gian: Đăng1 tuần trước). Tiếp tục tìm kiếm.
Hoàn thành trích xuất Trang 20. Đã thêm 0 công việc. Tổng số BẢN GHI (đã nhân bản): 1457.
Tạm dừng 11.86 giây trước khi chuyển sang trang tiếp theo.

--- Đang gửi GET Request cho Trang 21 tại URL: https://www.topcv.vn/tim-viec-lam-moi-nhat?sort=new&type_keyword=1&sba=1&page=21 ---
Bỏ qua tin tuyển dụng KHÔNG phải tin mới (Thời gian: Đăng1 tuần trước). Tiếp tục tìm kiếm.
Bỏ qua tin tuyển dụng KHÔNG phải tin mới (Thời gian: Đăng1 tuần trước). Tiếp tục tìm kiếm.
Bỏ qua tin tuyển dụng KHÔNG phải tin mới (Thời gian: Đăng1 tuần trước). Tiếp tục tìm kiếm.
Bỏ qua tin tuyển dụng KHÔNG phải tin mới (Thời gian: Đăng1 tuần trước). Tiếp tục tìm kiếm.
Bỏ qua tin tuyển dụng KHÔNG phải tin mới (Thời gian: Đăng1 tuần trước). Tiếp tục tìm kiếm.
Bỏ qua tin tuyển dụng KHÔNG phải tin mới (Thời gian: Đăng1 tuần trước). Tiếp tục tìm kiếm.
Bỏ qua tin tuyển dụng KHÔNG phải tin mới (Thời gian: Đăng1 tuần trước). Tiếp tục tìm kiếm.
Bỏ qua tin tuyển dụng KHÔNG phải tin mới (Thời gian: Đăng1 tuần trước). Tiếp tục tìm kiếm.
Bỏ qua tin tuyển dụng KHÔNG phải tin mới (Thời gian: Đăng1 tuần trước). Tiếp tục tìm kiếm.
Bỏ qua tin tuyển dụng KHÔNG phải tin mới (Thời gian: Đăng1 tuần trước). Tiếp tục tìm kiếm.
Bỏ qua tin tuyển dụng KHÔNG phải tin mới (Thời gian: Đăng1 tuần trước). Tiếp tục tìm kiếm.
Bỏ qua tin tuyển dụng KHÔNG phải tin mới (Thời gian: Đăng1 tuần trước). Tiếp tục tìm kiếm.
Bỏ qua tin tuyển dụng KHÔNG phải tin mới (Thời gian: Đăng1 tuần trước). Tiếp tục tìm kiếm.
Bỏ qua tin tuyển dụng KHÔNG phải tin mới (Thời gian: Đăng1 tuần trước). Tiếp tục tìm kiếm.
Bỏ qua tin tuyển dụng KHÔNG phải tin mới (Thời gian: Đăng1 tuần trước). Tiếp tục tìm kiếm.
Bỏ qua tin tuyển dụng KHÔNG phải tin mới (Thời gian: Đăng1 tuần trước). Tiếp tục tìm kiếm.
Bỏ qua tin tuyển dụng KHÔNG phải tin mới (Thời gian: Đăng1 tuần trước). Tiếp tục tìm kiếm.
Bỏ qua tin tuyển dụng KHÔNG phải tin mới (Thời gian: Đăng1 tuần trước). Tiếp tục tìm kiếm.
Bỏ qua tin tuyển dụng KHÔNG phải tin mới (Thời gian: Đăng1 tuần trước). Tiếp tục tìm kiếm.
Bỏ qua tin tuyển dụng KHÔNG phải tin mới (Thời gian: Đăng1 tuần trước). Tiếp tục tìm kiếm.
Bỏ qua tin tuyển dụng KHÔNG phải tin mới (Thời gian: Đăng1 tuần trước). Tiếp tục tìm kiếm.
Bỏ qua tin tuyển dụng KHÔNG phải tin mới (Thời gian: Đăng1 tuần trước). Tiếp tục tìm kiếm.
Bỏ qua tin tuyển dụng KHÔNG phải tin mới (Thời gian: Đăng1 tuần trước). Tiếp tục tìm kiếm.
Bỏ qua tin tuyển dụng KHÔNG phải tin mới (Thời gian: Đăng1 tuần trước). Tiếp tục tìm kiếm.
Bỏ qua tin tuyển dụng KHÔNG phải tin mới (Thời gian: Đăng1 tuần trước). Tiếp tục tìm kiếm.
Bỏ qua tin tuyển dụng KHÔNG phải tin mới (Thời gian: Đăng1 tuần trước). Tiếp tục tìm kiếm.
Bỏ qua tin tuyển dụng KHÔNG phải tin mới (Thời gian: Đăng1 tuần trước). Tiếp tục tìm kiếm.
Bỏ qua tin tuyển dụng KHÔNG phải tin mới (Thời gian: Đăng1 tuần trước). Tiếp tục tìm kiếm.
Bỏ qua tin tuyển dụng KHÔNG phải tin mới (Thời gian: Đăng1 tuần trước). Tiếp tục tìm kiếm.
Bỏ qua tin tuyển dụng KHÔNG phải tin mới (Thời gian: Đăng1 tuần trước). Tiếp tục tìm kiếm.
Bỏ qua tin tuyển dụng KHÔNG phải tin mới (Thời gian: Đăng1 tuần trước). Tiếp tục tìm kiếm.
Bỏ qua tin tuyển dụng KHÔNG phải tin mới (Thời gian: Đăng1 tuần trước). Tiếp tục tìm kiếm.
Bỏ qua tin tuyển dụng KHÔNG phải tin mới (Thời gian: Đăng1 tuần trước). Tiếp tục tìm kiếm.
Bỏ qua tin tuyển dụng KHÔNG phải tin mới (Thời gian: Đăng1 tuần trước). Tiếp tục tìm kiếm.
Bỏ qua tin tuyển dụng KHÔNG phải tin mới (Thời gian: Đăng1 tuần trước). Tiếp tục tìm kiếm.
Bỏ qua tin tuyển dụng KHÔNG phải tin mới (Thời gian: Đăng1 tuần trước). Tiếp tục tìm kiếm.
Bỏ qua tin tuyển dụng KHÔNG phải tin mới (Thời gian: Đăng1 tuần trước). Tiếp tục tìm kiếm.
Bỏ qua tin tuyển dụng KHÔNG phải tin mới (Thời gian: Đăng1 tuần trước). Tiếp tục tìm kiếm.
Bỏ qua tin tuyển dụng KHÔNG phải tin mới (Thời gian: Đăng1 tuần trước). Tiếp tục tìm kiếm.
Bỏ qua tin tuyển dụng KHÔNG phải tin mới (Thời gian: Đăng1 tuần trước). Tiếp tục tìm kiếm.
Bỏ qua tin tuyển dụng KHÔNG phải tin mới (Thời gian: Đăng1 tuần trước). Tiếp tục tìm kiếm.
Bỏ qua tin tuyển dụng KHÔNG phải tin mới (Thời gian: Đăng1 tuần trước). Tiếp tục tìm kiếm.
Bỏ qua tin tuyển dụng KHÔNG phải tin mới (Thời gian: Đăng1 tuần trước). Tiếp tục tìm kiếm.
Bỏ qua tin tuyển dụng KHÔNG phải tin mới (Thời gian: Đăng1 tuần trước). Tiếp tục tìm kiếm.
Bỏ qua tin tuyển dụng KHÔNG phải tin mới (Thời gian: Đăng1 tuần trước). Tiếp tục tìm kiếm.
Bỏ qua tin tuyển dụng KHÔNG phải tin mới (Thời gian: Đăng1 tuần trước). Tiếp tục tìm kiếm.
Bỏ qua tin tuyển dụng KHÔNG phải tin mới (Thời gian: Đăng1 tuần trước). Tiếp tục tìm kiếm.
Bỏ qua tin tuyển dụng KHÔNG phải tin mới (Thời gian: Đăng1 tuần trước). Tiếp tục tìm kiếm.
Bỏ qua tin tuyển dụng KHÔNG phải tin mới (Thời gian: Đăng1 tuần trước). Tiếp tục tìm kiếm.
Bỏ qua tin tuyển dụng KHÔNG phải tin mới (Thời gian: Đăng1 tuần trước). Tiếp tục tìm kiếm.
Hoàn thành trích xuất Trang 21. Đã thêm 0 công việc. Tổng số BẢN GHI (đã nhân bản): 1457.
Tạm dừng 8.86 giây trước khi chuyển sang trang tiếp theo.

--- Đang gửi GET Request cho Trang 22 tại URL: https://www.topcv.vn/tim-viec-lam-moi-nhat?sort=new&type_keyword=1&sba=1&page=22 ---
Bỏ qua tin tuyển dụng KHÔNG phải tin mới (Thời gian: Đăng1 tuần trước). Tiếp tục tìm kiếm.
Bỏ qua tin tuyển dụng KHÔNG phải tin mới (Thời gian: Đăng1 tuần trước). Tiếp tục tìm kiếm.
Bỏ qua tin tuyển dụng KHÔNG phải tin mới (Thời gian: Đăng1 tuần trước). Tiếp tục tìm kiếm.
Bỏ qua tin tuyển dụng KHÔNG phải tin mới (Thời gian: Đăng1 tuần trước). Tiếp tục tìm kiếm.
Bỏ qua tin tuyển dụng KHÔNG phải tin mới (Thời gian: Đăng1 tuần trước). Tiếp tục tìm kiếm.
Bỏ qua tin tuyển dụng KHÔNG phải tin mới (Thời gian: Đăng1 tuần trước). Tiếp tục tìm kiếm.
Bỏ qua tin tuyển dụng KHÔNG phải tin mới (Thời gian: Đăng1 tuần trước). Tiếp tục tìm kiếm.
Bỏ qua tin tuyển dụng KHÔNG phải tin mới (Thời gian: Đăng1 tuần trước). Tiếp tục tìm kiếm.
Bỏ qua tin tuyển dụng KHÔNG phải tin mới (Thời gian: Đăng1 tuần trước). Tiếp tục tìm kiếm.
Bỏ qua tin tuyển dụng KHÔNG phải tin mới (Thời gian: Đăng1 tuần trước). Tiếp tục tìm kiếm.
Bỏ qua tin tuyển dụng KHÔNG phải tin mới (Thời gian: Đăng1 tuần trước). Tiếp tục tìm kiếm.
Bỏ qua tin tuyển dụng KHÔNG phải tin mới (Thời gian: Đăng1 tuần trước). Tiếp tục tìm kiếm.
Bỏ qua tin tuyển dụng KHÔNG phải tin mới (Thời gian: Đăng1 tuần trước). Tiếp tục tìm kiếm.
Bỏ qua tin tuyển dụng KHÔNG phải tin mới (Thời gian: Đăng1 tuần trước). Tiếp tục tìm kiếm.
Bỏ qua tin tuyển dụng KHÔNG phải tin mới (Thời gian: Đăng1 tuần trước). Tiếp tục tìm kiếm.
Bỏ qua tin tuyển dụng KHÔNG phải tin mới (Thời gian: Đăng1 tuần trước). Tiếp tục tìm kiếm.
Bỏ qua tin tuyển dụng KHÔNG phải tin mới (Thời gian: Đăng1 tuần trước). Tiếp tục tìm kiếm.
Bỏ qua tin tuyển dụng KHÔNG phải tin mới (Thời gian: Đăng1 tuần trước). Tiếp tục tìm kiếm.
Bỏ qua tin tuyển dụng KHÔNG phải tin mới (Thời gian: Đăng1 tuần trước). Tiếp tục tìm kiếm.
Bỏ qua tin tuyển dụng KHÔNG phải tin mới (Thời gian: Đăng1 tuần trước). Tiếp tục tìm kiếm.
Bỏ qua tin tuyển dụng KHÔNG phải tin mới (Thời gian: Đăng1 tuần trước). Tiếp tục tìm kiếm.
Bỏ qua tin tuyển dụng KHÔNG phải tin mới (Thời gian: Đăng1 tuần trước). Tiếp tục tìm kiếm.
Bỏ qua tin tuyển dụng KHÔNG phải tin mới (Thời gian: Đăng1 tuần trước). Tiếp tục tìm kiếm.
Bỏ qua tin tuyển dụng KHÔNG phải tin mới (Thời gian: Đăng1 tuần trước). Tiếp tục tìm kiếm.
Bỏ qua tin tuyển dụng KHÔNG phải tin mới (Thời gian: Đăng1 tuần trước). Tiếp tục tìm kiếm.
Bỏ qua tin tuyển dụng KHÔNG phải tin mới (Thời gian: Đăng1 tuần trước). Tiếp tục tìm kiếm.
Bỏ qua tin tuyển dụng KHÔNG phải tin mới (Thời gian: Đăng1 tuần trước). Tiếp tục tìm kiếm.
Bỏ qua tin tuyển dụng KHÔNG phải tin mới (Thời gian: Đăng1 tuần trước). Tiếp tục tìm kiếm.
Bỏ qua tin tuyển dụng KHÔNG phải tin mới (Thời gian: Đăng1 tuần trước). Tiếp tục tìm kiếm.
Bỏ qua tin tuyển dụng KHÔNG phải tin mới (Thời gian: Đăng1 tuần trước). Tiếp tục tìm kiếm.
Bỏ qua tin tuyển dụng KHÔNG phải tin mới (Thời gian: Đăng1 tuần trước). Tiếp tục tìm kiếm.
Bỏ qua tin tuyển dụng KHÔNG phải tin mới (Thời gian: Đăng1 tuần trước). Tiếp tục tìm kiếm.
Bỏ qua tin tuyển dụng KHÔNG phải tin mới (Thời gian: Đăng1 tuần trước). Tiếp tục tìm kiếm.
Bỏ qua tin tuyển dụng KHÔNG phải tin mới (Thời gian: Đăng1 tuần trước). Tiếp tục tìm kiếm.
Bỏ qua tin tuyển dụng KHÔNG phải tin mới (Thời gian: Đăng1 tuần trước). Tiếp tục tìm kiếm.
Bỏ qua tin tuyển dụng KHÔNG phải tin mới (Thời gian: Đăng1 tuần trước). Tiếp tục tìm kiếm.
Bỏ qua tin tuyển dụng KHÔNG phải tin mới (Thời gian: Đăng1 tuần trước). Tiếp tục tìm kiếm.
Bỏ qua tin tuyển dụng KHÔNG phải tin mới (Thời gian: Đăng1 tuần trước). Tiếp tục tìm kiếm.
Bỏ qua tin tuyển dụng KHÔNG phải tin mới (Thời gian: Đăng1 tuần trước). Tiếp tục tìm kiếm.
Bỏ qua tin tuyển dụng KHÔNG phải tin mới (Thời gian: Đăng1 tuần trước). Tiếp tục tìm kiếm.
Bỏ qua tin tuyển dụng KHÔNG phải tin mới (Thời gian: Đăng1 tuần trước). Tiếp tục tìm kiếm.
Bỏ qua tin tuyển dụng KHÔNG phải tin mới (Thời gian: Đăng1 tuần trước). Tiếp tục tìm kiếm.
Bỏ qua tin tuyển dụng KHÔNG phải tin mới (Thời gian: Đăng1 tuần trước). Tiếp tục tìm kiếm.
Bỏ qua tin tuyển dụng KHÔNG phải tin mới (Thời gian: Đăng1 tuần trước). Tiếp tục tìm kiếm.
Bỏ qua tin tuyển dụng KHÔNG phải tin mới (Thời gian: Đăng1 tuần trước). Tiếp tục tìm kiếm.
Bỏ qua tin tuyển dụng KHÔNG phải tin mới (Thời gian: Đăng1 tuần trước). Tiếp tục tìm kiếm.
Bỏ qua tin tuyển dụng KHÔNG phải tin mới (Thời gian: Đăng1 tuần trước). Tiếp tục tìm kiếm.
Bỏ qua tin tuyển dụng KHÔNG phải tin mới (Thời gian: Đăng1 tuần trước). Tiếp tục tìm kiếm.
Bỏ qua tin tuyển dụng KHÔNG phải tin mới (Thời gian: Đăng1 tuần trước). Tiếp tục tìm kiếm.
Bỏ qua tin tuyển dụng KHÔNG phải tin mới (Thời gian: Đăng1 tuần trước). Tiếp tục tìm kiếm.
Hoàn thành trích xuất Trang 22. Đã thêm 0 công việc. Tổng số BẢN GHI (đã nhân bản): 1457.
Tạm dừng 6.96 giây trước khi chuyển sang trang tiếp theo.

--- Đang gửi GET Request cho Trang 23 tại URL: https://www.topcv.vn/tim-viec-lam-moi-nhat?sort=new&type_keyword=1&sba=1&page=23 ---
Bỏ qua tin tuyển dụng KHÔNG phải tin mới (Thời gian: Đăng1 tuần trước). Tiếp tục tìm kiếm.
Bỏ qua tin tuyển dụng KHÔNG phải tin mới (Thời gian: Đăng1 tuần trước). Tiếp tục tìm kiếm.
Bỏ qua tin tuyển dụng KHÔNG phải tin mới (Thời gian: Đăng1 tuần trước). Tiếp tục tìm kiếm.
Bỏ qua tin tuyển dụng KHÔNG phải tin mới (Thời gian: Đăng1 tuần trước). Tiếp tục tìm kiếm.
Bỏ qua tin tuyển dụng KHÔNG phải tin mới (Thời gian: Đăng1 tuần trước). Tiếp tục tìm kiếm.
Bỏ qua tin tuyển dụng KHÔNG phải tin mới (Thời gian: Đăng1 tuần trước). Tiếp tục tìm kiếm.
Bỏ qua tin tuyển dụng KHÔNG phải tin mới (Thời gian: Đăng1 tuần trước). Tiếp tục tìm kiếm.
Bỏ qua tin tuyển dụng KHÔNG phải tin mới (Thời gian: Đăng1 tuần trước). Tiếp tục tìm kiếm.
Bỏ qua tin tuyển dụng KHÔNG phải tin mới (Thời gian: Đăng1 tuần trước). Tiếp tục tìm kiếm.
Bỏ qua tin tuyển dụng KHÔNG phải tin mới (Thời gian: Đăng1 tuần trước). Tiếp tục tìm kiếm.
Bỏ qua tin tuyển dụng KHÔNG phải tin mới (Thời gian: Đăng1 tuần trước). Tiếp tục tìm kiếm.
Bỏ qua tin tuyển dụng KHÔNG phải tin mới (Thời gian: Đăng1 tuần trước). Tiếp tục tìm kiếm.
Bỏ qua tin tuyển dụng KHÔNG phải tin mới (Thời gian: Đăng1 tuần trước). Tiếp tục tìm kiếm.
Bỏ qua tin tuyển dụng KHÔNG phải tin mới (Thời gian: Đăng1 tuần trước). Tiếp tục tìm kiếm.
Bỏ qua tin tuyển dụng KHÔNG phải tin mới (Thời gian: Đăng1 tuần trước). Tiếp tục tìm kiếm.
Bỏ qua tin tuyển dụng KHÔNG phải tin mới (Thời gian: Đăng1 tuần trước). Tiếp tục tìm kiếm.
Bỏ qua tin tuyển dụng KHÔNG phải tin mới (Thời gian: Đăng1 tuần trước). Tiếp tục tìm kiếm.
Bỏ qua tin tuyển dụng KHÔNG phải tin mới (Thời gian: Đăng1 tuần trước). Tiếp tục tìm kiếm.
Bỏ qua tin tuyển dụng KHÔNG phải tin mới (Thời gian: Đăng1 tuần trước). Tiếp tục tìm kiếm.
Bỏ qua tin tuyển dụng KHÔNG phải tin mới (Thời gian: Đăng1 tuần trước). Tiếp tục tìm kiếm.
Bỏ qua tin tuyển dụng KHÔNG phải tin mới (Thời gian: Đăng1 tuần trước). Tiếp tục tìm kiếm.
Bỏ qua tin tuyển dụng KHÔNG phải tin mới (Thời gian: Đăng1 tuần trước). Tiếp tục tìm kiếm.
Bỏ qua tin tuyển dụng KHÔNG phải tin mới (Thời gian: Đăng1 tuần trước). Tiếp tục tìm kiếm.
Bỏ qua tin tuyển dụng KHÔNG phải tin mới (Thời gian: Đăng1 tuần trước). Tiếp tục tìm kiếm.
Bỏ qua tin tuyển dụng KHÔNG phải tin mới (Thời gian: Đăng1 tuần trước). Tiếp tục tìm kiếm.
Bỏ qua tin tuyển dụng KHÔNG phải tin mới (Thời gian: Đăng1 tuần trước). Tiếp tục tìm kiếm.
Bỏ qua tin tuyển dụng KHÔNG phải tin mới (Thời gian: Đăng1 tuần trước). Tiếp tục tìm kiếm.
Bỏ qua tin tuyển dụng KHÔNG phải tin mới (Thời gian: Đăng1 tuần trước). Tiếp tục tìm kiếm.
Bỏ qua tin tuyển dụng KHÔNG phải tin mới (Thời gian: Đăng1 tuần trước). Tiếp tục tìm kiếm.
Bỏ qua tin tuyển dụng KHÔNG phải tin mới (Thời gian: Đăng1 tuần trước). Tiếp tục tìm kiếm.
Bỏ qua tin tuyển dụng KHÔNG phải tin mới (Thời gian: Đăng1 tuần trước). Tiếp tục tìm kiếm.
Bỏ qua tin tuyển dụng KHÔNG phải tin mới (Thời gian: Đăng1 tuần trước). Tiếp tục tìm kiếm.
Bỏ qua tin tuyển dụng KHÔNG phải tin mới (Thời gian: Đăng1 tuần trước). Tiếp tục tìm kiếm.
Bỏ qua tin tuyển dụng KHÔNG phải tin mới (Thời gian: Đăng1 tuần trước). Tiếp tục tìm kiếm.
Bỏ qua tin tuyển dụng KHÔNG phải tin mới (Thời gian: Đăng1 tuần trước). Tiếp tục tìm kiếm.
Bỏ qua tin tuyển dụng KHÔNG phải tin mới (Thời gian: Đăng1 tuần trước). Tiếp tục tìm kiếm.
Bỏ qua tin tuyển dụng KHÔNG phải tin mới (Thời gian: Đăng1 tuần trước). Tiếp tục tìm kiếm.
Bỏ qua tin tuyển dụng KHÔNG phải tin mới (Thời gian: Đăng1 tuần trước). Tiếp tục tìm kiếm.
Bỏ qua tin tuyển dụng KHÔNG phải tin mới (Thời gian: Đăng1 tuần trước). Tiếp tục tìm kiếm.
Bỏ qua tin tuyển dụng KHÔNG phải tin mới (Thời gian: Đăng1 tuần trước). Tiếp tục tìm kiếm.
Bỏ qua tin tuyển dụng KHÔNG phải tin mới (Thời gian: Đăng1 tuần trước). Tiếp tục tìm kiếm.
Bỏ qua tin tuyển dụng KHÔNG phải tin mới (Thời gian: Đăng1 tuần trước). Tiếp tục tìm kiếm.
Bỏ qua tin tuyển dụng KHÔNG phải tin mới (Thời gian: Đăng1 tuần trước). Tiếp tục tìm kiếm.
Bỏ qua tin tuyển dụng KHÔNG phải tin mới (Thời gian: Đăng1 tuần trước). Tiếp tục tìm kiếm.
Bỏ qua tin tuyển dụng KHÔNG phải tin mới (Thời gian: Đăng1 tuần trước). Tiếp tục tìm kiếm.
Bỏ qua tin tuyển dụng KHÔNG phải tin mới (Thời gian: Đăng1 tuần trước). Tiếp tục tìm kiếm.
Bỏ qua tin tuyển dụng KHÔNG phải tin mới (Thời gian: Đăng1 tuần trước). Tiếp tục tìm kiếm.
Bỏ qua tin tuyển dụng KHÔNG phải tin mới (Thời gian: Đăng1 tuần trước). Tiếp tục tìm kiếm.
Bỏ qua tin tuyển dụng KHÔNG phải tin mới (Thời gian: Đăng1 tuần trước). Tiếp tục tìm kiếm.
Bỏ qua tin tuyển dụng KHÔNG phải tin mới (Thời gian: Đăng1 tuần trước). Tiếp tục tìm kiếm.
Hoàn thành trích xuất Trang 23. Đã thêm 0 công việc. Tổng số BẢN GHI (đã nhân bản): 1457.
Tạm dừng 11.94 giây trước khi chuyển sang trang tiếp theo.

--- Đang gửi GET Request cho Trang 24 tại URL: https://www.topcv.vn/tim-viec-lam-moi-nhat?sort=new&type_keyword=1&sba=1&page=24 ---
Bỏ qua tin tuyển dụng KHÔNG phải tin mới (Thời gian: Đăng1 tuần trước). Tiếp tục tìm kiếm.
Bỏ qua tin tuyển dụng KHÔNG phải tin mới (Thời gian: Đăng1 tuần trước). Tiếp tục tìm kiếm.
Bỏ qua tin tuyển dụng KHÔNG phải tin mới (Thời gian: Đăng1 tuần trước). Tiếp tục tìm kiếm.
Bỏ qua tin tuyển dụng KHÔNG phải tin mới (Thời gian: Đăng1 tuần trước). Tiếp tục tìm kiếm.
Bỏ qua tin tuyển dụng KHÔNG phải tin mới (Thời gian: Đăng1 tuần trước). Tiếp tục tìm kiếm.
Bỏ qua tin tuyển dụng KHÔNG phải tin mới (Thời gian: Đăng1 tuần trước). Tiếp tục tìm kiếm.
Bỏ qua tin tuyển dụng KHÔNG phải tin mới (Thời gian: Đăng1 tuần trước). Tiếp tục tìm kiếm.
Bỏ qua tin tuyển dụng KHÔNG phải tin mới (Thời gian: Đăng1 tuần trước). Tiếp tục tìm kiếm.
Bỏ qua tin tuyển dụng KHÔNG phải tin mới (Thời gian: Đăng1 tuần trước). Tiếp tục tìm kiếm.
Bỏ qua tin tuyển dụng KHÔNG phải tin mới (Thời gian: Đăng1 tuần trước). Tiếp tục tìm kiếm.
Bỏ qua tin tuyển dụng KHÔNG phải tin mới (Thời gian: Đăng1 tuần trước). Tiếp tục tìm kiếm.
Bỏ qua tin tuyển dụng KHÔNG phải tin mới (Thời gian: Đăng1 tuần trước). Tiếp tục tìm kiếm.
Bỏ qua tin tuyển dụng KHÔNG phải tin mới (Thời gian: Đăng1 tuần trước). Tiếp tục tìm kiếm.
Bỏ qua tin tuyển dụng KHÔNG phải tin mới (Thời gian: Đăng1 tuần trước). Tiếp tục tìm kiếm.
Bỏ qua tin tuyển dụng KHÔNG phải tin mới (Thời gian: Đăng1 tuần trước). Tiếp tục tìm kiếm.
Bỏ qua tin tuyển dụng KHÔNG phải tin mới (Thời gian: Đăng1 tuần trước). Tiếp tục tìm kiếm.
Bỏ qua tin tuyển dụng KHÔNG phải tin mới (Thời gian: Đăng1 tuần trước). Tiếp tục tìm kiếm.
Bỏ qua tin tuyển dụng KHÔNG phải tin mới (Thời gian: Đăng1 tuần trước). Tiếp tục tìm kiếm.
Bỏ qua tin tuyển dụng KHÔNG phải tin mới (Thời gian: Đăng1 tuần trước). Tiếp tục tìm kiếm.
Bỏ qua tin tuyển dụng KHÔNG phải tin mới (Thời gian: Đăng1 tuần trước). Tiếp tục tìm kiếm.
Bỏ qua tin tuyển dụng KHÔNG phải tin mới (Thời gian: Đăng1 tuần trước). Tiếp tục tìm kiếm.
Bỏ qua tin tuyển dụng KHÔNG phải tin mới (Thời gian: Đăng1 tuần trước). Tiếp tục tìm kiếm.
Bỏ qua tin tuyển dụng KHÔNG phải tin mới (Thời gian: Đăng1 tuần trước). Tiếp tục tìm kiếm.
Bỏ qua tin tuyển dụng KHÔNG phải tin mới (Thời gian: Đăng1 tuần trước). Tiếp tục tìm kiếm.
Bỏ qua tin tuyển dụng KHÔNG phải tin mới (Thời gian: Đăng1 tuần trước). Tiếp tục tìm kiếm.
Bỏ qua tin tuyển dụng KHÔNG phải tin mới (Thời gian: Đăng1 tuần trước). Tiếp tục tìm kiếm.
Bỏ qua tin tuyển dụng KHÔNG phải tin mới (Thời gian: Đăng1 tuần trước). Tiếp tục tìm kiếm.
Bỏ qua tin tuyển dụng KHÔNG phải tin mới (Thời gian: Đăng1 tuần trước). Tiếp tục tìm kiếm.
Bỏ qua tin tuyển dụng KHÔNG phải tin mới (Thời gian: Đăng1 tuần trước). Tiếp tục tìm kiếm.
Bỏ qua tin tuyển dụng KHÔNG phải tin mới (Thời gian: Đăng1 tuần trước). Tiếp tục tìm kiếm.
Bỏ qua tin tuyển dụng KHÔNG phải tin mới (Thời gian: Đăng1 tuần trước). Tiếp tục tìm kiếm.
Bỏ qua tin tuyển dụng KHÔNG phải tin mới (Thời gian: Đăng1 tuần trước). Tiếp tục tìm kiếm.
Bỏ qua tin tuyển dụng KHÔNG phải tin mới (Thời gian: Đăng1 tuần trước). Tiếp tục tìm kiếm.
Bỏ qua tin tuyển dụng KHÔNG phải tin mới (Thời gian: Đăng1 tuần trước). Tiếp tục tìm kiếm.
Bỏ qua tin tuyển dụng KHÔNG phải tin mới (Thời gian: Đăng1 tuần trước). Tiếp tục tìm kiếm.
Bỏ qua tin tuyển dụng KHÔNG phải tin mới (Thời gian: Đăng1 tuần trước). Tiếp tục tìm kiếm.
Bỏ qua tin tuyển dụng KHÔNG phải tin mới (Thời gian: Đăng1 tuần trước). Tiếp tục tìm kiếm.
Bỏ qua tin tuyển dụng KHÔNG phải tin mới (Thời gian: Đăng1 tuần trước). Tiếp tục tìm kiếm.
Bỏ qua tin tuyển dụng KHÔNG phải tin mới (Thời gian: Đăng1 tuần trước). Tiếp tục tìm kiếm.
Bỏ qua tin tuyển dụng KHÔNG phải tin mới (Thời gian: Đăng1 tuần trước). Tiếp tục tìm kiếm.
Bỏ qua tin tuyển dụng KHÔNG phải tin mới (Thời gian: Đăng1 tuần trước). Tiếp tục tìm kiếm.
Bỏ qua tin tuyển dụng KHÔNG phải tin mới (Thời gian: Đăng1 tuần trước). Tiếp tục tìm kiếm.
Bỏ qua tin tuyển dụng KHÔNG phải tin mới (Thời gian: Đăng1 tuần trước). Tiếp tục tìm kiếm.
Bỏ qua tin tuyển dụng KHÔNG phải tin mới (Thời gian: Đăng1 tuần trước). Tiếp tục tìm kiếm.
Bỏ qua tin tuyển dụng KHÔNG phải tin mới (Thời gian: Đăng1 tuần trước). Tiếp tục tìm kiếm.
Bỏ qua tin tuyển dụng KHÔNG phải tin mới (Thời gian: Đăng1 tuần trước). Tiếp tục tìm kiếm.
Bỏ qua tin tuyển dụng KHÔNG phải tin mới (Thời gian: Đăng1 tuần trước). Tiếp tục tìm kiếm.
Bỏ qua tin tuyển dụng KHÔNG phải tin mới (Thời gian: Đăng1 tuần trước). Tiếp tục tìm kiếm.
Bỏ qua tin tuyển dụng KHÔNG phải tin mới (Thời gian: Đăng1 tuần trước). Tiếp tục tìm kiếm.
Bỏ qua tin tuyển dụng KHÔNG phải tin mới (Thời gian: Đăng1 tuần trước). Tiếp tục tìm kiếm.
Hoàn thành trích xuất Trang 24. Đã thêm 0 công việc. Tổng số BẢN GHI (đã nhân bản): 1457.
Tạm dừng 7.34 giây trước khi chuyển sang trang tiếp theo.

--- Đang gửi GET Request cho Trang 25 tại URL: https://www.topcv.vn/tim-viec-lam-moi-nhat?sort=new&type_keyword=1&sba=1&page=25 ---
Bỏ qua tin tuyển dụng KHÔNG phải tin mới (Thời gian: Đăng1 tuần trước). Tiếp tục tìm kiếm.
Bỏ qua tin tuyển dụng KHÔNG phải tin mới (Thời gian: Đăng1 tuần trước). Tiếp tục tìm kiếm.
Bỏ qua tin tuyển dụng KHÔNG phải tin mới (Thời gian: Đăng1 tuần trước). Tiếp tục tìm kiếm.
Bỏ qua tin tuyển dụng KHÔNG phải tin mới (Thời gian: Đăng1 tuần trước). Tiếp tục tìm kiếm.
Bỏ qua tin tuyển dụng KHÔNG phải tin mới (Thời gian: Đăng1 tuần trước). Tiếp tục tìm kiếm.
Bỏ qua tin tuyển dụng KHÔNG phải tin mới (Thời gian: Đăng1 tuần trước). Tiếp tục tìm kiếm.
Bỏ qua tin tuyển dụng KHÔNG phải tin mới (Thời gian: Đăng1 tuần trước). Tiếp tục tìm kiếm.
Bỏ qua tin tuyển dụng KHÔNG phải tin mới (Thời gian: Đăng1 tuần trước). Tiếp tục tìm kiếm.
Bỏ qua tin tuyển dụng KHÔNG phải tin mới (Thời gian: Đăng1 tuần trước). Tiếp tục tìm kiếm.
Bỏ qua tin tuyển dụng KHÔNG phải tin mới (Thời gian: Đăng1 tuần trước). Tiếp tục tìm kiếm.
Bỏ qua tin tuyển dụng KHÔNG phải tin mới (Thời gian: Đăng1 tuần trước). Tiếp tục tìm kiếm.
Bỏ qua tin tuyển dụng KHÔNG phải tin mới (Thời gian: Đăng1 tuần trước). Tiếp tục tìm kiếm.
Bỏ qua tin tuyển dụng KHÔNG phải tin mới (Thời gian: Đăng1 tuần trước). Tiếp tục tìm kiếm.
Bỏ qua tin tuyển dụng KHÔNG phải tin mới (Thời gian: Đăng1 tuần trước). Tiếp tục tìm kiếm.
Bỏ qua tin tuyển dụng KHÔNG phải tin mới (Thời gian: Đăng1 tuần trước). Tiếp tục tìm kiếm.
Bỏ qua tin tuyển dụng KHÔNG phải tin mới (Thời gian: Đăng1 tuần trước). Tiếp tục tìm kiếm.
Bỏ qua tin tuyển dụng KHÔNG phải tin mới (Thời gian: Đăng1 tuần trước). Tiếp tục tìm kiếm.
Bỏ qua tin tuyển dụng KHÔNG phải tin mới (Thời gian: Đăng1 tuần trước). Tiếp tục tìm kiếm.
Bỏ qua tin tuyển dụng KHÔNG phải tin mới (Thời gian: Đăng1 tuần trước). Tiếp tục tìm kiếm.
Bỏ qua tin tuyển dụng KHÔNG phải tin mới (Thời gian: Đăng1 tuần trước). Tiếp tục tìm kiếm.
Bỏ qua tin tuyển dụng KHÔNG phải tin mới (Thời gian: Đăng1 tuần trước). Tiếp tục tìm kiếm.
Bỏ qua tin tuyển dụng KHÔNG phải tin mới (Thời gian: Đăng1 tuần trước). Tiếp tục tìm kiếm.
Bỏ qua tin tuyển dụng KHÔNG phải tin mới (Thời gian: Đăng1 tuần trước). Tiếp tục tìm kiếm.
Bỏ qua tin tuyển dụng KHÔNG phải tin mới (Thời gian: Đăng1 tuần trước). Tiếp tục tìm kiếm.
Bỏ qua tin tuyển dụng KHÔNG phải tin mới (Thời gian: Đăng1 tuần trước). Tiếp tục tìm kiếm.
Bỏ qua tin tuyển dụng KHÔNG phải tin mới (Thời gian: Đăng1 tuần trước). Tiếp tục tìm kiếm.
Bỏ qua tin tuyển dụng KHÔNG phải tin mới (Thời gian: Đăng1 tuần trước). Tiếp tục tìm kiếm.
Bỏ qua tin tuyển dụng KHÔNG phải tin mới (Thời gian: Đăng1 tuần trước). Tiếp tục tìm kiếm.
Bỏ qua tin tuyển dụng KHÔNG phải tin mới (Thời gian: Đăng1 tuần trước). Tiếp tục tìm kiếm.
Bỏ qua tin tuyển dụng KHÔNG phải tin mới (Thời gian: Đăng1 tuần trước). Tiếp tục tìm kiếm.
Bỏ qua tin tuyển dụng KHÔNG phải tin mới (Thời gian: Đăng1 tuần trước). Tiếp tục tìm kiếm.
Bỏ qua tin tuyển dụng KHÔNG phải tin mới (Thời gian: Đăng1 tuần trước). Tiếp tục tìm kiếm.
Bỏ qua tin tuyển dụng KHÔNG phải tin mới (Thời gian: Đăng1 tuần trước). Tiếp tục tìm kiếm.
Bỏ qua tin tuyển dụng KHÔNG phải tin mới (Thời gian: Đăng1 tuần trước). Tiếp tục tìm kiếm.
Bỏ qua tin tuyển dụng KHÔNG phải tin mới (Thời gian: Đăng1 tuần trước). Tiếp tục tìm kiếm.
Bỏ qua tin tuyển dụng KHÔNG phải tin mới (Thời gian: Đăng1 tuần trước). Tiếp tục tìm kiếm.
Bỏ qua tin tuyển dụng KHÔNG phải tin mới (Thời gian: Đăng1 tuần trước). Tiếp tục tìm kiếm.
Bỏ qua tin tuyển dụng KHÔNG phải tin mới (Thời gian: Đăng1 tuần trước). Tiếp tục tìm kiếm.
Bỏ qua tin tuyển dụng KHÔNG phải tin mới (Thời gian: Đăng1 tuần trước). Tiếp tục tìm kiếm.
Bỏ qua tin tuyển dụng KHÔNG phải tin mới (Thời gian: Đăng1 tuần trước). Tiếp tục tìm kiếm.
Bỏ qua tin tuyển dụng KHÔNG phải tin mới (Thời gian: Đăng1 tuần trước). Tiếp tục tìm kiếm.
Bỏ qua tin tuyển dụng KHÔNG phải tin mới (Thời gian: Đăng1 tuần trước). Tiếp tục tìm kiếm.
Bỏ qua tin tuyển dụng KHÔNG phải tin mới (Thời gian: Đăng1 tuần trước). Tiếp tục tìm kiếm.
Bỏ qua tin tuyển dụng KHÔNG phải tin mới (Thời gian: Đăng1 tuần trước). Tiếp tục tìm kiếm.
Bỏ qua tin tuyển dụng KHÔNG phải tin mới (Thời gian: Đăng1 tuần trước). Tiếp tục tìm kiếm.
Bỏ qua tin tuyển dụng KHÔNG phải tin mới (Thời gian: Đăng1 tuần trước). Tiếp tục tìm kiếm.
Bỏ qua tin tuyển dụng KHÔNG phải tin mới (Thời gian: Đăng1 tuần trước). Tiếp tục tìm kiếm.
Bỏ qua tin tuyển dụng KHÔNG phải tin mới (Thời gian: Đăng1 tuần trước). Tiếp tục tìm kiếm.
Bỏ qua tin tuyển dụng KHÔNG phải tin mới (Thời gian: Đăng1 tuần trước). Tiếp tục tìm kiếm.
Bỏ qua tin tuyển dụng KHÔNG phải tin mới (Thời gian: Đăng1 tuần trước). Tiếp tục tìm kiếm.
Hoàn thành trích xuất Trang 25. Đã thêm 0 công việc. Tổng số BẢN GHI (đã nhân bản): 1457.
Tạm dừng 7.38 giây trước khi chuyển sang trang tiếp theo.

--- Đang gửi GET Request cho Trang 26 tại URL: https://www.topcv.vn/tim-viec-lam-moi-nhat?sort=new&type_keyword=1&sba=1&page=26 ---
Bỏ qua tin tuyển dụng KHÔNG phải tin mới (Thời gian: Đăng1 tuần trước). Tiếp tục tìm kiếm.
Bỏ qua tin tuyển dụng KHÔNG phải tin mới (Thời gian: Đăng1 tuần trước). Tiếp tục tìm kiếm.
Bỏ qua tin tuyển dụng KHÔNG phải tin mới (Thời gian: Đăng1 tuần trước). Tiếp tục tìm kiếm.
Bỏ qua tin tuyển dụng KHÔNG phải tin mới (Thời gian: Đăng1 tuần trước). Tiếp tục tìm kiếm.
Bỏ qua tin tuyển dụng KHÔNG phải tin mới (Thời gian: Đăng1 tuần trước). Tiếp tục tìm kiếm.
Bỏ qua tin tuyển dụng KHÔNG phải tin mới (Thời gian: Đăng1 tuần trước). Tiếp tục tìm kiếm.
Bỏ qua tin tuyển dụng KHÔNG phải tin mới (Thời gian: Đăng1 tuần trước). Tiếp tục tìm kiếm.
Bỏ qua tin tuyển dụng KHÔNG phải tin mới (Thời gian: Đăng1 tuần trước). Tiếp tục tìm kiếm.
Bỏ qua tin tuyển dụng KHÔNG phải tin mới (Thời gian: Đăng1 tuần trước). Tiếp tục tìm kiếm.
Bỏ qua tin tuyển dụng KHÔNG phải tin mới (Thời gian: Đăng1 tuần trước). Tiếp tục tìm kiếm.
Bỏ qua tin tuyển dụng KHÔNG phải tin mới (Thời gian: Đăng1 tuần trước). Tiếp tục tìm kiếm.
Bỏ qua tin tuyển dụng KHÔNG phải tin mới (Thời gian: Đăng1 tuần trước). Tiếp tục tìm kiếm.
Bỏ qua tin tuyển dụng KHÔNG phải tin mới (Thời gian: Đăng1 tuần trước). Tiếp tục tìm kiếm.
Bỏ qua tin tuyển dụng KHÔNG phải tin mới (Thời gian: Đăng1 tuần trước). Tiếp tục tìm kiếm.
Bỏ qua tin tuyển dụng KHÔNG phải tin mới (Thời gian: Đăng1 tuần trước). Tiếp tục tìm kiếm.
Bỏ qua tin tuyển dụng KHÔNG phải tin mới (Thời gian: Đăng1 tuần trước). Tiếp tục tìm kiếm.
Bỏ qua tin tuyển dụng KHÔNG phải tin mới (Thời gian: Đăng1 tuần trước). Tiếp tục tìm kiếm.
Bỏ qua tin tuyển dụng KHÔNG phải tin mới (Thời gian: Đăng1 tuần trước). Tiếp tục tìm kiếm.
Bỏ qua tin tuyển dụng KHÔNG phải tin mới (Thời gian: Đăng1 tuần trước). Tiếp tục tìm kiếm.
Bỏ qua tin tuyển dụng KHÔNG phải tin mới (Thời gian: Đăng1 tuần trước). Tiếp tục tìm kiếm.
Bỏ qua tin tuyển dụng KHÔNG phải tin mới (Thời gian: Đăng1 tuần trước). Tiếp tục tìm kiếm.
Bỏ qua tin tuyển dụng KHÔNG phải tin mới (Thời gian: Đăng1 tuần trước). Tiếp tục tìm kiếm.
Bỏ qua tin tuyển dụng KHÔNG phải tin mới (Thời gian: Đăng1 tuần trước). Tiếp tục tìm kiếm.
Bỏ qua tin tuyển dụng KHÔNG phải tin mới (Thời gian: Đăng1 tuần trước). Tiếp tục tìm kiếm.
Bỏ qua tin tuyển dụng KHÔNG phải tin mới (Thời gian: Đăng1 tuần trước). Tiếp tục tìm kiếm.
Bỏ qua tin tuyển dụng KHÔNG phải tin mới (Thời gian: Đăng1 tuần trước). Tiếp tục tìm kiếm.
Bỏ qua tin tuyển dụng KHÔNG phải tin mới (Thời gian: Đăng1 tuần trước). Tiếp tục tìm kiếm.
Bỏ qua tin tuyển dụng KHÔNG phải tin mới (Thời gian: Đăng1 tuần trước). Tiếp tục tìm kiếm.
Bỏ qua tin tuyển dụng KHÔNG phải tin mới (Thời gian: Đăng1 tuần trước). Tiếp tục tìm kiếm.
Bỏ qua tin tuyển dụng KHÔNG phải tin mới (Thời gian: Đăng1 tuần trước). Tiếp tục tìm kiếm.
Bỏ qua tin tuyển dụng KHÔNG phải tin mới (Thời gian: Đăng1 tuần trước). Tiếp tục tìm kiếm.
Bỏ qua tin tuyển dụng KHÔNG phải tin mới (Thời gian: Đăng1 tuần trước). Tiếp tục tìm kiếm.
Bỏ qua tin tuyển dụng KHÔNG phải tin mới (Thời gian: Đăng1 tuần trước). Tiếp tục tìm kiếm.
Bỏ qua tin tuyển dụng KHÔNG phải tin mới (Thời gian: Đăng1 tuần trước). Tiếp tục tìm kiếm.
Bỏ qua tin tuyển dụng KHÔNG phải tin mới (Thời gian: Đăng1 tuần trước). Tiếp tục tìm kiếm.
Bỏ qua tin tuyển dụng KHÔNG phải tin mới (Thời gian: Đăng1 tuần trước). Tiếp tục tìm kiếm.
Bỏ qua tin tuyển dụng KHÔNG phải tin mới (Thời gian: Đăng1 tuần trước). Tiếp tục tìm kiếm.
Bỏ qua tin tuyển dụng KHÔNG phải tin mới (Thời gian: Đăng1 tuần trước). Tiếp tục tìm kiếm.
Bỏ qua tin tuyển dụng KHÔNG phải tin mới (Thời gian: Đăng1 tuần trước). Tiếp tục tìm kiếm.
Bỏ qua tin tuyển dụng KHÔNG phải tin mới (Thời gian: Đăng1 tuần trước). Tiếp tục tìm kiếm.
Bỏ qua tin tuyển dụng KHÔNG phải tin mới (Thời gian: Đăng1 tuần trước). Tiếp tục tìm kiếm.
Bỏ qua tin tuyển dụng KHÔNG phải tin mới (Thời gian: Đăng1 tuần trước). Tiếp tục tìm kiếm.
Bỏ qua tin tuyển dụng KHÔNG phải tin mới (Thời gian: Đăng1 tuần trước). Tiếp tục tìm kiếm.
Bỏ qua tin tuyển dụng KHÔNG phải tin mới (Thời gian: Đăng1 tuần trước). Tiếp tục tìm kiếm.
Bỏ qua tin tuyển dụng KHÔNG phải tin mới (Thời gian: Đăng1 tuần trước). Tiếp tục tìm kiếm.
Bỏ qua tin tuyển dụng KHÔNG phải tin mới (Thời gian: Đăng1 tuần trước). Tiếp tục tìm kiếm.
Bỏ qua tin tuyển dụng KHÔNG phải tin mới (Thời gian: Đăng1 tuần trước). Tiếp tục tìm kiếm.
Bỏ qua tin tuyển dụng KHÔNG phải tin mới (Thời gian: Đăng1 tuần trước). Tiếp tục tìm kiếm.
Bỏ qua tin tuyển dụng KHÔNG phải tin mới (Thời gian: Đăng1 tuần trước). Tiếp tục tìm kiếm.
Bỏ qua tin tuyển dụng KHÔNG phải tin mới (Thời gian: Đăng1 tuần trước). Tiếp tục tìm kiếm.
Hoàn thành trích xuất Trang 26. Đã thêm 0 công việc. Tổng số BẢN GHI (đã nhân bản): 1457.
Tạm dừng 7.91 giây trước khi chuyển sang trang tiếp theo.

--- Đang gửi GET Request cho Trang 27 tại URL: https://www.topcv.vn/tim-viec-lam-moi-nhat?sort=new&type_keyword=1&sba=1&page=27 ---
Bỏ qua tin tuyển dụng KHÔNG phải tin mới (Thời gian: Đăng1 tuần trước). Tiếp tục tìm kiếm.
Bỏ qua tin tuyển dụng KHÔNG phải tin mới (Thời gian: Đăng1 tuần trước). Tiếp tục tìm kiếm.
Bỏ qua tin tuyển dụng KHÔNG phải tin mới (Thời gian: Đăng1 tuần trước). Tiếp tục tìm kiếm.
Bỏ qua tin tuyển dụng KHÔNG phải tin mới (Thời gian: Đăng1 tuần trước). Tiếp tục tìm kiếm.
Bỏ qua tin tuyển dụng KHÔNG phải tin mới (Thời gian: Đăng1 tuần trước). Tiếp tục tìm kiếm.
Bỏ qua tin tuyển dụng KHÔNG phải tin mới (Thời gian: Đăng1 tuần trước). Tiếp tục tìm kiếm.
Bỏ qua tin tuyển dụng KHÔNG phải tin mới (Thời gian: Đăng1 tuần trước). Tiếp tục tìm kiếm.
Bỏ qua tin tuyển dụng KHÔNG phải tin mới (Thời gian: Đăng1 tuần trước). Tiếp tục tìm kiếm.
Bỏ qua tin tuyển dụng KHÔNG phải tin mới (Thời gian: Đăng1 tuần trước). Tiếp tục tìm kiếm.
Bỏ qua tin tuyển dụng KHÔNG phải tin mới (Thời gian: Đăng1 tuần trước). Tiếp tục tìm kiếm.
Bỏ qua tin tuyển dụng KHÔNG phải tin mới (Thời gian: Đăng1 tuần trước). Tiếp tục tìm kiếm.
Bỏ qua tin tuyển dụng KHÔNG phải tin mới (Thời gian: Đăng1 tuần trước). Tiếp tục tìm kiếm.
Bỏ qua tin tuyển dụng KHÔNG phải tin mới (Thời gian: Đăng1 tuần trước). Tiếp tục tìm kiếm.
Bỏ qua tin tuyển dụng KHÔNG phải tin mới (Thời gian: Đăng1 tuần trước). Tiếp tục tìm kiếm.
Bỏ qua tin tuyển dụng KHÔNG phải tin mới (Thời gian: Đăng1 tuần trước). Tiếp tục tìm kiếm.
Bỏ qua tin tuyển dụng KHÔNG phải tin mới (Thời gian: Đăng1 tuần trước). Tiếp tục tìm kiếm.
Bỏ qua tin tuyển dụng KHÔNG phải tin mới (Thời gian: Đăng1 tuần trước). Tiếp tục tìm kiếm.
Bỏ qua tin tuyển dụng KHÔNG phải tin mới (Thời gian: Đăng1 tuần trước). Tiếp tục tìm kiếm.
Bỏ qua tin tuyển dụng KHÔNG phải tin mới (Thời gian: Đăng1 tuần trước). Tiếp tục tìm kiếm.
Bỏ qua tin tuyển dụng KHÔNG phải tin mới (Thời gian: Đăng1 tuần trước). Tiếp tục tìm kiếm.
Bỏ qua tin tuyển dụng KHÔNG phải tin mới (Thời gian: Đăng1 tuần trước). Tiếp tục tìm kiếm.
Bỏ qua tin tuyển dụng KHÔNG phải tin mới (Thời gian: Đăng1 tuần trước). Tiếp tục tìm kiếm.
Bỏ qua tin tuyển dụng KHÔNG phải tin mới (Thời gian: Đăng1 tuần trước). Tiếp tục tìm kiếm.
Bỏ qua tin tuyển dụng KHÔNG phải tin mới (Thời gian: Đăng1 tuần trước). Tiếp tục tìm kiếm.
Bỏ qua tin tuyển dụng KHÔNG phải tin mới (Thời gian: Đăng1 tuần trước). Tiếp tục tìm kiếm.
Bỏ qua tin tuyển dụng KHÔNG phải tin mới (Thời gian: Đăng1 tuần trước). Tiếp tục tìm kiếm.
Bỏ qua tin tuyển dụng KHÔNG phải tin mới (Thời gian: Đăng1 tuần trước). Tiếp tục tìm kiếm.
Bỏ qua tin tuyển dụng KHÔNG phải tin mới (Thời gian: Đăng1 tuần trước). Tiếp tục tìm kiếm.
Bỏ qua tin tuyển dụng KHÔNG phải tin mới (Thời gian: Đăng1 tuần trước). Tiếp tục tìm kiếm.
Bỏ qua tin tuyển dụng KHÔNG phải tin mới (Thời gian: Đăng1 tuần trước). Tiếp tục tìm kiếm.
Bỏ qua tin tuyển dụng KHÔNG phải tin mới (Thời gian: Đăng1 tuần trước). Tiếp tục tìm kiếm.
Bỏ qua tin tuyển dụng KHÔNG phải tin mới (Thời gian: Đăng1 tuần trước). Tiếp tục tìm kiếm.
Bỏ qua tin tuyển dụng KHÔNG phải tin mới (Thời gian: Đăng1 tuần trước). Tiếp tục tìm kiếm.
Bỏ qua tin tuyển dụng KHÔNG phải tin mới (Thời gian: Đăng1 tuần trước). Tiếp tục tìm kiếm.
Bỏ qua tin tuyển dụng KHÔNG phải tin mới (Thời gian: Đăng1 tuần trước). Tiếp tục tìm kiếm.
Bỏ qua tin tuyển dụng KHÔNG phải tin mới (Thời gian: Đăng1 tuần trước). Tiếp tục tìm kiếm.
Bỏ qua tin tuyển dụng KHÔNG phải tin mới (Thời gian: Đăng1 tuần trước). Tiếp tục tìm kiếm.
Bỏ qua tin tuyển dụng KHÔNG phải tin mới (Thời gian: Đăng1 tuần trước). Tiếp tục tìm kiếm.
Bỏ qua tin tuyển dụng KHÔNG phải tin mới (Thời gian: Đăng1 tuần trước). Tiếp tục tìm kiếm.
Bỏ qua tin tuyển dụng KHÔNG phải tin mới (Thời gian: Đăng1 tuần trước). Tiếp tục tìm kiếm.
Bỏ qua tin tuyển dụng KHÔNG phải tin mới (Thời gian: Đăng1 tuần trước). Tiếp tục tìm kiếm.
Bỏ qua tin tuyển dụng KHÔNG phải tin mới (Thời gian: Đăng1 tuần trước). Tiếp tục tìm kiếm.
Bỏ qua tin tuyển dụng KHÔNG phải tin mới (Thời gian: Đăng1 tuần trước). Tiếp tục tìm kiếm.
Bỏ qua tin tuyển dụng KHÔNG phải tin mới (Thời gian: Đăng1 tuần trước). Tiếp tục tìm kiếm.
Bỏ qua tin tuyển dụng KHÔNG phải tin mới (Thời gian: Đăng1 tuần trước). Tiếp tục tìm kiếm.
Bỏ qua tin tuyển dụng KHÔNG phải tin mới (Thời gian: Đăng1 tuần trước). Tiếp tục tìm kiếm.
Bỏ qua tin tuyển dụng KHÔNG phải tin mới (Thời gian: Đăng1 tuần trước). Tiếp tục tìm kiếm.
Bỏ qua tin tuyển dụng KHÔNG phải tin mới (Thời gian: Đăng1 tuần trước). Tiếp tục tìm kiếm.
Bỏ qua tin tuyển dụng KHÔNG phải tin mới (Thời gian: Đăng1 tuần trước). Tiếp tục tìm kiếm.
Bỏ qua tin tuyển dụng KHÔNG phải tin mới (Thời gian: Đăng1 tuần trước). Tiếp tục tìm kiếm.
Hoàn thành trích xuất Trang 27. Đã thêm 0 công việc. Tổng số BẢN GHI (đã nhân bản): 1457.
Tạm dừng 6.95 giây trước khi chuyển sang trang tiếp theo.

--- Đang gửi GET Request cho Trang 28 tại URL: https://www.topcv.vn/tim-viec-lam-moi-nhat?sort=new&type_keyword=1&sba=1&page=28 ---
Bỏ qua tin tuyển dụng KHÔNG phải tin mới (Thời gian: Đăng1 tuần trước). Tiếp tục tìm kiếm.
Bỏ qua tin tuyển dụng KHÔNG phải tin mới (Thời gian: Đăng1 tuần trước). Tiếp tục tìm kiếm.
Bỏ qua tin tuyển dụng KHÔNG phải tin mới (Thời gian: Đăng1 tuần trước). Tiếp tục tìm kiếm.
Bỏ qua tin tuyển dụng KHÔNG phải tin mới (Thời gian: Đăng1 tuần trước). Tiếp tục tìm kiếm.
Bỏ qua tin tuyển dụng KHÔNG phải tin mới (Thời gian: Đăng1 tuần trước). Tiếp tục tìm kiếm.
Bỏ qua tin tuyển dụng KHÔNG phải tin mới (Thời gian: Đăng1 tuần trước). Tiếp tục tìm kiếm.
Bỏ qua tin tuyển dụng KHÔNG phải tin mới (Thời gian: Đăng1 tuần trước). Tiếp tục tìm kiếm.
Bỏ qua tin tuyển dụng KHÔNG phải tin mới (Thời gian: Đăng1 tuần trước). Tiếp tục tìm kiếm.
Bỏ qua tin tuyển dụng KHÔNG phải tin mới (Thời gian: Đăng1 tuần trước). Tiếp tục tìm kiếm.
Bỏ qua tin tuyển dụng KHÔNG phải tin mới (Thời gian: Đăng1 tuần trước). Tiếp tục tìm kiếm.
Bỏ qua tin tuyển dụng KHÔNG phải tin mới (Thời gian: Đăng1 tuần trước). Tiếp tục tìm kiếm.
Bỏ qua tin tuyển dụng KHÔNG phải tin mới (Thời gian: Đăng1 tuần trước). Tiếp tục tìm kiếm.
Bỏ qua tin tuyển dụng KHÔNG phải tin mới (Thời gian: Đăng1 tuần trước). Tiếp tục tìm kiếm.
Bỏ qua tin tuyển dụng KHÔNG phải tin mới (Thời gian: Đăng1 tuần trước). Tiếp tục tìm kiếm.
Bỏ qua tin tuyển dụng KHÔNG phải tin mới (Thời gian: Đăng1 tuần trước). Tiếp tục tìm kiếm.
Bỏ qua tin tuyển dụng KHÔNG phải tin mới (Thời gian: Đăng1 tuần trước). Tiếp tục tìm kiếm.
Bỏ qua tin tuyển dụng KHÔNG phải tin mới (Thời gian: Đăng1 tuần trước). Tiếp tục tìm kiếm.
Bỏ qua tin tuyển dụng KHÔNG phải tin mới (Thời gian: Đăng1 tuần trước). Tiếp tục tìm kiếm.
Bỏ qua tin tuyển dụng KHÔNG phải tin mới (Thời gian: Đăng1 tuần trước). Tiếp tục tìm kiếm.
Bỏ qua tin tuyển dụng KHÔNG phải tin mới (Thời gian: Đăng1 tuần trước). Tiếp tục tìm kiếm.
Bỏ qua tin tuyển dụng KHÔNG phải tin mới (Thời gian: Đăng1 tuần trước). Tiếp tục tìm kiếm.
Bỏ qua tin tuyển dụng KHÔNG phải tin mới (Thời gian: Đăng1 tuần trước). Tiếp tục tìm kiếm.
Bỏ qua tin tuyển dụng KHÔNG phải tin mới (Thời gian: Đăng1 tuần trước). Tiếp tục tìm kiếm.
Bỏ qua tin tuyển dụng KHÔNG phải tin mới (Thời gian: Đăng1 tuần trước). Tiếp tục tìm kiếm.
Bỏ qua tin tuyển dụng KHÔNG phải tin mới (Thời gian: Đăng1 tuần trước). Tiếp tục tìm kiếm.
Bỏ qua tin tuyển dụng KHÔNG phải tin mới (Thời gian: Đăng1 tuần trước). Tiếp tục tìm kiếm.
Bỏ qua tin tuyển dụng KHÔNG phải tin mới (Thời gian: Đăng1 tuần trước). Tiếp tục tìm kiếm.
Bỏ qua tin tuyển dụng KHÔNG phải tin mới (Thời gian: Đăng1 tuần trước). Tiếp tục tìm kiếm.
Bỏ qua tin tuyển dụng KHÔNG phải tin mới (Thời gian: Đăng1 tuần trước). Tiếp tục tìm kiếm.
Bỏ qua tin tuyển dụng KHÔNG phải tin mới (Thời gian: Đăng1 tuần trước). Tiếp tục tìm kiếm.
Bỏ qua tin tuyển dụng KHÔNG phải tin mới (Thời gian: Đăng1 tuần trước). Tiếp tục tìm kiếm.
Bỏ qua tin tuyển dụng KHÔNG phải tin mới (Thời gian: Đăng1 tuần trước). Tiếp tục tìm kiếm.
Bỏ qua tin tuyển dụng KHÔNG phải tin mới (Thời gian: Đăng1 tuần trước). Tiếp tục tìm kiếm.
Bỏ qua tin tuyển dụng KHÔNG phải tin mới (Thời gian: Đăng1 tuần trước). Tiếp tục tìm kiếm.
Bỏ qua tin tuyển dụng KHÔNG phải tin mới (Thời gian: Đăng1 tuần trước). Tiếp tục tìm kiếm.
Bỏ qua tin tuyển dụng KHÔNG phải tin mới (Thời gian: Đăng1 tuần trước). Tiếp tục tìm kiếm.
Bỏ qua tin tuyển dụng KHÔNG phải tin mới (Thời gian: Đăng1 tuần trước). Tiếp tục tìm kiếm.
Bỏ qua tin tuyển dụng KHÔNG phải tin mới (Thời gian: Đăng1 tuần trước). Tiếp tục tìm kiếm.
Bỏ qua tin tuyển dụng KHÔNG phải tin mới (Thời gian: Đăng1 tuần trước). Tiếp tục tìm kiếm.
Bỏ qua tin tuyển dụng KHÔNG phải tin mới (Thời gian: Đăng1 tuần trước). Tiếp tục tìm kiếm.
Bỏ qua tin tuyển dụng KHÔNG phải tin mới (Thời gian: Đăng1 tuần trước). Tiếp tục tìm kiếm.
Bỏ qua tin tuyển dụng KHÔNG phải tin mới (Thời gian: Đăng1 tuần trước). Tiếp tục tìm kiếm.
Bỏ qua tin tuyển dụng KHÔNG phải tin mới (Thời gian: Đăng1 tuần trước). Tiếp tục tìm kiếm.
Bỏ qua tin tuyển dụng KHÔNG phải tin mới (Thời gian: Đăng1 tuần trước). Tiếp tục tìm kiếm.
Bỏ qua tin tuyển dụng KHÔNG phải tin mới (Thời gian: Đăng1 tuần trước). Tiếp tục tìm kiếm.
Bỏ qua tin tuyển dụng KHÔNG phải tin mới (Thời gian: Đăng1 tuần trước). Tiếp tục tìm kiếm.
Bỏ qua tin tuyển dụng KHÔNG phải tin mới (Thời gian: Đăng1 tuần trước). Tiếp tục tìm kiếm.
Bỏ qua tin tuyển dụng KHÔNG phải tin mới (Thời gian: Đăng1 tuần trước). Tiếp tục tìm kiếm.
Bỏ qua tin tuyển dụng KHÔNG phải tin mới (Thời gian: Đăng1 tuần trước). Tiếp tục tìm kiếm.
Bỏ qua tin tuyển dụng KHÔNG phải tin mới (Thời gian: Đăng1 tuần trước). Tiếp tục tìm kiếm.
Hoàn thành trích xuất Trang 28. Đã thêm 0 công việc. Tổng số BẢN GHI (đã nhân bản): 1457.
Tạm dừng 8.26 giây trước khi chuyển sang trang tiếp theo.

--- Đang gửi GET Request cho Trang 29 tại URL: https://www.topcv.vn/tim-viec-lam-moi-nhat?sort=new&type_keyword=1&sba=1&page=29 ---
Bỏ qua tin tuyển dụng KHÔNG phải tin mới (Thời gian: Đăng1 tuần trước). Tiếp tục tìm kiếm.
Bỏ qua tin tuyển dụng KHÔNG phải tin mới (Thời gian: Đăng1 tuần trước). Tiếp tục tìm kiếm.
Bỏ qua tin tuyển dụng KHÔNG phải tin mới (Thời gian: Đăng1 tuần trước). Tiếp tục tìm kiếm.
Bỏ qua tin tuyển dụng KHÔNG phải tin mới (Thời gian: Đăng1 tuần trước). Tiếp tục tìm kiếm.
Bỏ qua tin tuyển dụng KHÔNG phải tin mới (Thời gian: Đăng1 tuần trước). Tiếp tục tìm kiếm.
Bỏ qua tin tuyển dụng KHÔNG phải tin mới (Thời gian: Đăng1 tuần trước). Tiếp tục tìm kiếm.
Bỏ qua tin tuyển dụng KHÔNG phải tin mới (Thời gian: Đăng1 tuần trước). Tiếp tục tìm kiếm.
Bỏ qua tin tuyển dụng KHÔNG phải tin mới (Thời gian: Đăng1 tuần trước). Tiếp tục tìm kiếm.
Bỏ qua tin tuyển dụng KHÔNG phải tin mới (Thời gian: Đăng1 tuần trước). Tiếp tục tìm kiếm.
Bỏ qua tin tuyển dụng KHÔNG phải tin mới (Thời gian: Đăng1 tuần trước). Tiếp tục tìm kiếm.
Bỏ qua tin tuyển dụng KHÔNG phải tin mới (Thời gian: Đăng1 tuần trước). Tiếp tục tìm kiếm.
Bỏ qua tin tuyển dụng KHÔNG phải tin mới (Thời gian: Đăng1 tuần trước). Tiếp tục tìm kiếm.
Bỏ qua tin tuyển dụng KHÔNG phải tin mới (Thời gian: Đăng1 tuần trước). Tiếp tục tìm kiếm.
Bỏ qua tin tuyển dụng KHÔNG phải tin mới (Thời gian: Đăng1 tuần trước). Tiếp tục tìm kiếm.
Bỏ qua tin tuyển dụng KHÔNG phải tin mới (Thời gian: Đăng1 tuần trước). Tiếp tục tìm kiếm.
Bỏ qua tin tuyển dụng KHÔNG phải tin mới (Thời gian: Đăng1 tuần trước). Tiếp tục tìm kiếm.
Bỏ qua tin tuyển dụng KHÔNG phải tin mới (Thời gian: Đăng1 tuần trước). Tiếp tục tìm kiếm.
Bỏ qua tin tuyển dụng KHÔNG phải tin mới (Thời gian: Đăng1 tuần trước). Tiếp tục tìm kiếm.
Bỏ qua tin tuyển dụng KHÔNG phải tin mới (Thời gian: Đăng1 tuần trước). Tiếp tục tìm kiếm.
Bỏ qua tin tuyển dụng KHÔNG phải tin mới (Thời gian: Đăng1 tuần trước). Tiếp tục tìm kiếm.
Bỏ qua tin tuyển dụng KHÔNG phải tin mới (Thời gian: Đăng1 tuần trước). Tiếp tục tìm kiếm.
Bỏ qua tin tuyển dụng KHÔNG phải tin mới (Thời gian: Đăng1 tuần trước). Tiếp tục tìm kiếm.
Bỏ qua tin tuyển dụng KHÔNG phải tin mới (Thời gian: Đăng1 tuần trước). Tiếp tục tìm kiếm.
Bỏ qua tin tuyển dụng KHÔNG phải tin mới (Thời gian: Đăng1 tuần trước). Tiếp tục tìm kiếm.
Bỏ qua tin tuyển dụng KHÔNG phải tin mới (Thời gian: Đăng1 tuần trước). Tiếp tục tìm kiếm.
Bỏ qua tin tuyển dụng KHÔNG phải tin mới (Thời gian: Đăng1 tuần trước). Tiếp tục tìm kiếm.
Bỏ qua tin tuyển dụng KHÔNG phải tin mới (Thời gian: Đăng1 tuần trước). Tiếp tục tìm kiếm.
Bỏ qua tin tuyển dụng KHÔNG phải tin mới (Thời gian: Đăng1 tuần trước). Tiếp tục tìm kiếm.
Bỏ qua tin tuyển dụng KHÔNG phải tin mới (Thời gian: Đăng1 tuần trước). Tiếp tục tìm kiếm.
Bỏ qua tin tuyển dụng KHÔNG phải tin mới (Thời gian: Đăng1 tuần trước). Tiếp tục tìm kiếm.
Bỏ qua tin tuyển dụng KHÔNG phải tin mới (Thời gian: Đăng1 tuần trước). Tiếp tục tìm kiếm.
Bỏ qua tin tuyển dụng KHÔNG phải tin mới (Thời gian: Đăng1 tuần trước). Tiếp tục tìm kiếm.
Bỏ qua tin tuyển dụng KHÔNG phải tin mới (Thời gian: Đăng1 tuần trước). Tiếp tục tìm kiếm.
Bỏ qua tin tuyển dụng KHÔNG phải tin mới (Thời gian: Đăng1 tuần trước). Tiếp tục tìm kiếm.
Bỏ qua tin tuyển dụng KHÔNG phải tin mới (Thời gian: Đăng1 tuần trước). Tiếp tục tìm kiếm.
Bỏ qua tin tuyển dụng KHÔNG phải tin mới (Thời gian: Đăng1 tuần trước). Tiếp tục tìm kiếm.
Bỏ qua tin tuyển dụng KHÔNG phải tin mới (Thời gian: Đăng1 tuần trước). Tiếp tục tìm kiếm.
Bỏ qua tin tuyển dụng KHÔNG phải tin mới (Thời gian: Đăng1 tuần trước). Tiếp tục tìm kiếm.
Bỏ qua tin tuyển dụng KHÔNG phải tin mới (Thời gian: Đăng1 tuần trước). Tiếp tục tìm kiếm.
Bỏ qua tin tuyển dụng KHÔNG phải tin mới (Thời gian: Đăng1 tuần trước). Tiếp tục tìm kiếm.
Bỏ qua tin tuyển dụng KHÔNG phải tin mới (Thời gian: Đăng1 tuần trước). Tiếp tục tìm kiếm.
Bỏ qua tin tuyển dụng KHÔNG phải tin mới (Thời gian: Đăng1 tuần trước). Tiếp tục tìm kiếm.
Bỏ qua tin tuyển dụng KHÔNG phải tin mới (Thời gian: Đăng1 tuần trước). Tiếp tục tìm kiếm.
Bỏ qua tin tuyển dụng KHÔNG phải tin mới (Thời gian: Đăng1 tuần trước). Tiếp tục tìm kiếm.
Bỏ qua tin tuyển dụng KHÔNG phải tin mới (Thời gian: Đăng1 tuần trước). Tiếp tục tìm kiếm.
Bỏ qua tin tuyển dụng KHÔNG phải tin mới (Thời gian: Đăng1 tuần trước). Tiếp tục tìm kiếm.
Bỏ qua tin tuyển dụng KHÔNG phải tin mới (Thời gian: Đăng1 tuần trước). Tiếp tục tìm kiếm.
Bỏ qua tin tuyển dụng KHÔNG phải tin mới (Thời gian: Đăng1 tuần trước). Tiếp tục tìm kiếm.
Bỏ qua tin tuyển dụng KHÔNG phải tin mới (Thời gian: Đăng1 tuần trước). Tiếp tục tìm kiếm.
Bỏ qua tin tuyển dụng KHÔNG phải tin mới (Thời gian: Đăng1 tuần trước). Tiếp tục tìm kiếm.
Hoàn thành trích xuất Trang 29. Đã thêm 0 công việc. Tổng số BẢN GHI (đã nhân bản): 1457.
Tạm dừng 5.23 giây trước khi chuyển sang trang tiếp theo.

--- Đang gửi GET Request cho Trang 30 tại URL: https://www.topcv.vn/tim-viec-lam-moi-nhat?sort=new&type_keyword=1&sba=1&page=30 ---
Bỏ qua tin tuyển dụng KHÔNG phải tin mới (Thời gian: Đăng1 tuần trước). Tiếp tục tìm kiếm.
Bỏ qua tin tuyển dụng KHÔNG phải tin mới (Thời gian: Đăng1 tuần trước). Tiếp tục tìm kiếm.
Bỏ qua tin tuyển dụng KHÔNG phải tin mới (Thời gian: Đăng1 tuần trước). Tiếp tục tìm kiếm.
Bỏ qua tin tuyển dụng KHÔNG phải tin mới (Thời gian: Đăng1 tuần trước). Tiếp tục tìm kiếm.
Bỏ qua tin tuyển dụng KHÔNG phải tin mới (Thời gian: Đăng1 tuần trước). Tiếp tục tìm kiếm.
Bỏ qua tin tuyển dụng KHÔNG phải tin mới (Thời gian: Đăng1 tuần trước). Tiếp tục tìm kiếm.
Bỏ qua tin tuyển dụng KHÔNG phải tin mới (Thời gian: Đăng1 tuần trước). Tiếp tục tìm kiếm.
Bỏ qua tin tuyển dụng KHÔNG phải tin mới (Thời gian: Đăng1 tuần trước). Tiếp tục tìm kiếm.
Bỏ qua tin tuyển dụng KHÔNG phải tin mới (Thời gian: Đăng1 tuần trước). Tiếp tục tìm kiếm.
Bỏ qua tin tuyển dụng KHÔNG phải tin mới (Thời gian: Đăng1 tuần trước). Tiếp tục tìm kiếm.
Bỏ qua tin tuyển dụng KHÔNG phải tin mới (Thời gian: Đăng1 tuần trước). Tiếp tục tìm kiếm.
Bỏ qua tin tuyển dụng KHÔNG phải tin mới (Thời gian: Đăng1 tuần trước). Tiếp tục tìm kiếm.
Bỏ qua tin tuyển dụng KHÔNG phải tin mới (Thời gian: Đăng1 tuần trước). Tiếp tục tìm kiếm.
Bỏ qua tin tuyển dụng KHÔNG phải tin mới (Thời gian: Đăng1 tuần trước). Tiếp tục tìm kiếm.
Bỏ qua tin tuyển dụng KHÔNG phải tin mới (Thời gian: Đăng1 tuần trước). Tiếp tục tìm kiếm.
Bỏ qua tin tuyển dụng KHÔNG phải tin mới (Thời gian: Đăng1 tuần trước). Tiếp tục tìm kiếm.
Bỏ qua tin tuyển dụng KHÔNG phải tin mới (Thời gian: Đăng1 tuần trước). Tiếp tục tìm kiếm.
Bỏ qua tin tuyển dụng KHÔNG phải tin mới (Thời gian: Đăng1 tuần trước). Tiếp tục tìm kiếm.
Bỏ qua tin tuyển dụng KHÔNG phải tin mới (Thời gian: Đăng1 tuần trước). Tiếp tục tìm kiếm.
Bỏ qua tin tuyển dụng KHÔNG phải tin mới (Thời gian: Đăng1 tuần trước). Tiếp tục tìm kiếm.
Bỏ qua tin tuyển dụng KHÔNG phải tin mới (Thời gian: Đăng1 tuần trước). Tiếp tục tìm kiếm.
Bỏ qua tin tuyển dụng KHÔNG phải tin mới (Thời gian: Đăng1 tuần trước). Tiếp tục tìm kiếm.
Bỏ qua tin tuyển dụng KHÔNG phải tin mới (Thời gian: Đăng1 tuần trước). Tiếp tục tìm kiếm.
Bỏ qua tin tuyển dụng KHÔNG phải tin mới (Thời gian: Đăng1 tuần trước). Tiếp tục tìm kiếm.
Bỏ qua tin tuyển dụng KHÔNG phải tin mới (Thời gian: Đăng1 tuần trước). Tiếp tục tìm kiếm.
Bỏ qua tin tuyển dụng KHÔNG phải tin mới (Thời gian: Đăng1 tuần trước). Tiếp tục tìm kiếm.
Bỏ qua tin tuyển dụng KHÔNG phải tin mới (Thời gian: Đăng1 tuần trước). Tiếp tục tìm kiếm.
Bỏ qua tin tuyển dụng KHÔNG phải tin mới (Thời gian: Đăng1 tuần trước). Tiếp tục tìm kiếm.
Bỏ qua tin tuyển dụng KHÔNG phải tin mới (Thời gian: Đăng1 tuần trước). Tiếp tục tìm kiếm.
Bỏ qua tin tuyển dụng KHÔNG phải tin mới (Thời gian: Đăng1 tuần trước). Tiếp tục tìm kiếm.
Bỏ qua tin tuyển dụng KHÔNG phải tin mới (Thời gian: Đăng1 tuần trước). Tiếp tục tìm kiếm.
Bỏ qua tin tuyển dụng KHÔNG phải tin mới (Thời gian: Đăng1 tuần trước). Tiếp tục tìm kiếm.
Bỏ qua tin tuyển dụng KHÔNG phải tin mới (Thời gian: Đăng1 tuần trước). Tiếp tục tìm kiếm.
Bỏ qua tin tuyển dụng KHÔNG phải tin mới (Thời gian: Đăng1 tuần trước). Tiếp tục tìm kiếm.
Bỏ qua tin tuyển dụng KHÔNG phải tin mới (Thời gian: Đăng1 tuần trước). Tiếp tục tìm kiếm.
Bỏ qua tin tuyển dụng KHÔNG phải tin mới (Thời gian: Đăng1 tuần trước). Tiếp tục tìm kiếm.
Bỏ qua tin tuyển dụng KHÔNG phải tin mới (Thời gian: Đăng1 tuần trước). Tiếp tục tìm kiếm.
Bỏ qua tin tuyển dụng KHÔNG phải tin mới (Thời gian: Đăng1 tuần trước). Tiếp tục tìm kiếm.
Bỏ qua tin tuyển dụng KHÔNG phải tin mới (Thời gian: Đăng1 tuần trước). Tiếp tục tìm kiếm.
Bỏ qua tin tuyển dụng KHÔNG phải tin mới (Thời gian: Đăng1 tuần trước). Tiếp tục tìm kiếm.
Bỏ qua tin tuyển dụng KHÔNG phải tin mới (Thời gian: Đăng1 tuần trước). Tiếp tục tìm kiếm.
Bỏ qua tin tuyển dụng KHÔNG phải tin mới (Thời gian: Đăng1 tuần trước). Tiếp tục tìm kiếm.
Bỏ qua tin tuyển dụng KHÔNG phải tin mới (Thời gian: Đăng1 tuần trước). Tiếp tục tìm kiếm.
Bỏ qua tin tuyển dụng KHÔNG phải tin mới (Thời gian: Đăng1 tuần trước). Tiếp tục tìm kiếm.
Bỏ qua tin tuyển dụng KHÔNG phải tin mới (Thời gian: Đăng1 tuần trước). Tiếp tục tìm kiếm.
Bỏ qua tin tuyển dụng KHÔNG phải tin mới (Thời gian: Đăng1 tuần trước). Tiếp tục tìm kiếm.
Bỏ qua tin tuyển dụng KHÔNG phải tin mới (Thời gian: Đăng1 tuần trước). Tiếp tục tìm kiếm.
Bỏ qua tin tuyển dụng KHÔNG phải tin mới (Thời gian: Đăng1 tuần trước). Tiếp tục tìm kiếm.
Bỏ qua tin tuyển dụng KHÔNG phải tin mới (Thời gian: Đăng1 tuần trước). Tiếp tục tìm kiếm.
Bỏ qua tin tuyển dụng KHÔNG phải tin mới (Thời gian: Đăng1 tuần trước). Tiếp tục tìm kiếm.
Hoàn thành trích xuất Trang 30. Đã thêm 0 công việc. Tổng số BẢN GHI (đã nhân bản): 1457.
Tạm dừng 8.25 giây trước khi chuyển sang trang tiếp theo.

--- Đang gửi GET Request cho Trang 31 tại URL: https://www.topcv.vn/tim-viec-lam-moi-nhat?sort=new&type_keyword=1&sba=1&page=31 ---
Bỏ qua tin tuyển dụng KHÔNG phải tin mới (Thời gian: Đăng1 tuần trước). Tiếp tục tìm kiếm.
Bỏ qua tin tuyển dụng KHÔNG phải tin mới (Thời gian: Đăng1 tuần trước). Tiếp tục tìm kiếm.
Bỏ qua tin tuyển dụng KHÔNG phải tin mới (Thời gian: Đăng1 tuần trước). Tiếp tục tìm kiếm.
Bỏ qua tin tuyển dụng KHÔNG phải tin mới (Thời gian: Đăng1 tuần trước). Tiếp tục tìm kiếm.
Bỏ qua tin tuyển dụng KHÔNG phải tin mới (Thời gian: Đăng1 tuần trước). Tiếp tục tìm kiếm.
Bỏ qua tin tuyển dụng KHÔNG phải tin mới (Thời gian: Đăng1 tuần trước). Tiếp tục tìm kiếm.
Bỏ qua tin tuyển dụng KHÔNG phải tin mới (Thời gian: Đăng1 tuần trước). Tiếp tục tìm kiếm.
Bỏ qua tin tuyển dụng KHÔNG phải tin mới (Thời gian: Đăng1 tuần trước). Tiếp tục tìm kiếm.
Bỏ qua tin tuyển dụng KHÔNG phải tin mới (Thời gian: Đăng1 tuần trước). Tiếp tục tìm kiếm.
Bỏ qua tin tuyển dụng KHÔNG phải tin mới (Thời gian: Đăng1 tuần trước). Tiếp tục tìm kiếm.
Bỏ qua tin tuyển dụng KHÔNG phải tin mới (Thời gian: Đăng1 tuần trước). Tiếp tục tìm kiếm.
Bỏ qua tin tuyển dụng KHÔNG phải tin mới (Thời gian: Đăng1 tuần trước). Tiếp tục tìm kiếm.
Bỏ qua tin tuyển dụng KHÔNG phải tin mới (Thời gian: Đăng1 tuần trước). Tiếp tục tìm kiếm.
Bỏ qua tin tuyển dụng KHÔNG phải tin mới (Thời gian: Đăng1 tuần trước). Tiếp tục tìm kiếm.
Bỏ qua tin tuyển dụng KHÔNG phải tin mới (Thời gian: Đăng1 tuần trước). Tiếp tục tìm kiếm.
Bỏ qua tin tuyển dụng KHÔNG phải tin mới (Thời gian: Đăng1 tuần trước). Tiếp tục tìm kiếm.
Bỏ qua tin tuyển dụng KHÔNG phải tin mới (Thời gian: Đăng1 tuần trước). Tiếp tục tìm kiếm.
Bỏ qua tin tuyển dụng KHÔNG phải tin mới (Thời gian: Đăng1 tuần trước). Tiếp tục tìm kiếm.
Bỏ qua tin tuyển dụng KHÔNG phải tin mới (Thời gian: Đăng1 tuần trước). Tiếp tục tìm kiếm.
Bỏ qua tin tuyển dụng KHÔNG phải tin mới (Thời gian: Đăng1 tuần trước). Tiếp tục tìm kiếm.
Bỏ qua tin tuyển dụng KHÔNG phải tin mới (Thời gian: Đăng1 tuần trước). Tiếp tục tìm kiếm.
Bỏ qua tin tuyển dụng KHÔNG phải tin mới (Thời gian: Đăng1 tuần trước). Tiếp tục tìm kiếm.
Bỏ qua tin tuyển dụng KHÔNG phải tin mới (Thời gian: Đăng1 tuần trước). Tiếp tục tìm kiếm.
Bỏ qua tin tuyển dụng KHÔNG phải tin mới (Thời gian: Đăng1 tuần trước). Tiếp tục tìm kiếm.
Bỏ qua tin tuyển dụng KHÔNG phải tin mới (Thời gian: Đăng1 tuần trước). Tiếp tục tìm kiếm.
Bỏ qua tin tuyển dụng KHÔNG phải tin mới (Thời gian: Đăng1 tuần trước). Tiếp tục tìm kiếm.
Bỏ qua tin tuyển dụng KHÔNG phải tin mới (Thời gian: Đăng1 tuần trước). Tiếp tục tìm kiếm.
Bỏ qua tin tuyển dụng KHÔNG phải tin mới (Thời gian: Đăng1 tuần trước). Tiếp tục tìm kiếm.
Bỏ qua tin tuyển dụng KHÔNG phải tin mới (Thời gian: Đăng1 tuần trước). Tiếp tục tìm kiếm.
Bỏ qua tin tuyển dụng KHÔNG phải tin mới (Thời gian: Đăng1 tuần trước). Tiếp tục tìm kiếm.
Bỏ qua tin tuyển dụng KHÔNG phải tin mới (Thời gian: Đăng1 tuần trước). Tiếp tục tìm kiếm.
Bỏ qua tin tuyển dụng KHÔNG phải tin mới (Thời gian: Đăng1 tuần trước). Tiếp tục tìm kiếm.
Bỏ qua tin tuyển dụng KHÔNG phải tin mới (Thời gian: Đăng1 tuần trước). Tiếp tục tìm kiếm.
Bỏ qua tin tuyển dụng KHÔNG phải tin mới (Thời gian: Đăng1 tuần trước). Tiếp tục tìm kiếm.
Bỏ qua tin tuyển dụng KHÔNG phải tin mới (Thời gian: Đăng1 tuần trước). Tiếp tục tìm kiếm.
Bỏ qua tin tuyển dụng KHÔNG phải tin mới (Thời gian: Đăng1 tuần trước). Tiếp tục tìm kiếm.
Bỏ qua tin tuyển dụng KHÔNG phải tin mới (Thời gian: Đăng1 tuần trước). Tiếp tục tìm kiếm.
Bỏ qua tin tuyển dụng KHÔNG phải tin mới (Thời gian: Đăng1 tuần trước). Tiếp tục tìm kiếm.
Bỏ qua tin tuyển dụng KHÔNG phải tin mới (Thời gian: Đăng1 tuần trước). Tiếp tục tìm kiếm.
Bỏ qua tin tuyển dụng KHÔNG phải tin mới (Thời gian: Đăng1 tuần trước). Tiếp tục tìm kiếm.
Bỏ qua tin tuyển dụng KHÔNG phải tin mới (Thời gian: Đăng1 tuần trước). Tiếp tục tìm kiếm.
Bỏ qua tin tuyển dụng KHÔNG phải tin mới (Thời gian: Đăng1 tuần trước). Tiếp tục tìm kiếm.
Bỏ qua tin tuyển dụng KHÔNG phải tin mới (Thời gian: Đăng1 tuần trước). Tiếp tục tìm kiếm.
Bỏ qua tin tuyển dụng KHÔNG phải tin mới (Thời gian: Đăng1 tuần trước). Tiếp tục tìm kiếm.
Bỏ qua tin tuyển dụng KHÔNG phải tin mới (Thời gian: Đăng1 tuần trước). Tiếp tục tìm kiếm.
Bỏ qua tin tuyển dụng KHÔNG phải tin mới (Thời gian: Đăng1 tuần trước). Tiếp tục tìm kiếm.
Bỏ qua tin tuyển dụng KHÔNG phải tin mới (Thời gian: Đăng1 tuần trước). Tiếp tục tìm kiếm.
Bỏ qua tin tuyển dụng KHÔNG phải tin mới (Thời gian: Đăng1 tuần trước). Tiếp tục tìm kiếm.
Bỏ qua tin tuyển dụng KHÔNG phải tin mới (Thời gian: Đăng1 tuần trước). Tiếp tục tìm kiếm.
Bỏ qua tin tuyển dụng KHÔNG phải tin mới (Thời gian: Đăng1 tuần trước). Tiếp tục tìm kiếm.
Hoàn thành trích xuất Trang 31. Đã thêm 0 công việc. Tổng số BẢN GHI (đã nhân bản): 1457.
Tạm dừng 5.09 giây trước khi chuyển sang trang tiếp theo.

--- Đang gửi GET Request cho Trang 32 tại URL: https://www.topcv.vn/tim-viec-lam-moi-nhat?sort=new&type_keyword=1&sba=1&page=32 ---
Bỏ qua tin tuyển dụng KHÔNG phải tin mới (Thời gian: Đăng1 tuần trước). Tiếp tục tìm kiếm.
Bỏ qua tin tuyển dụng KHÔNG phải tin mới (Thời gian: Đăng1 tuần trước). Tiếp tục tìm kiếm.
Bỏ qua tin tuyển dụng KHÔNG phải tin mới (Thời gian: Đăng1 tuần trước). Tiếp tục tìm kiếm.
Bỏ qua tin tuyển dụng KHÔNG phải tin mới (Thời gian: Đăng1 tuần trước). Tiếp tục tìm kiếm.
Bỏ qua tin tuyển dụng KHÔNG phải tin mới (Thời gian: Đăng1 tuần trước). Tiếp tục tìm kiếm.
Bỏ qua tin tuyển dụng KHÔNG phải tin mới (Thời gian: Đăng1 tuần trước). Tiếp tục tìm kiếm.
Bỏ qua tin tuyển dụng KHÔNG phải tin mới (Thời gian: Đăng1 tuần trước). Tiếp tục tìm kiếm.
Bỏ qua tin tuyển dụng KHÔNG phải tin mới (Thời gian: Đăng1 tuần trước). Tiếp tục tìm kiếm.
Bỏ qua tin tuyển dụng KHÔNG phải tin mới (Thời gian: Đăng1 tuần trước). Tiếp tục tìm kiếm.
Bỏ qua tin tuyển dụng KHÔNG phải tin mới (Thời gian: Đăng1 tuần trước). Tiếp tục tìm kiếm.
Bỏ qua tin tuyển dụng KHÔNG phải tin mới (Thời gian: Đăng1 tuần trước). Tiếp tục tìm kiếm.
Bỏ qua tin tuyển dụng KHÔNG phải tin mới (Thời gian: Đăng1 tuần trước). Tiếp tục tìm kiếm.
Bỏ qua tin tuyển dụng KHÔNG phải tin mới (Thời gian: Đăng1 tuần trước). Tiếp tục tìm kiếm.
Bỏ qua tin tuyển dụng KHÔNG phải tin mới (Thời gian: Đăng1 tuần trước). Tiếp tục tìm kiếm.
Bỏ qua tin tuyển dụng KHÔNG phải tin mới (Thời gian: Đăng1 tuần trước). Tiếp tục tìm kiếm.
Bỏ qua tin tuyển dụng KHÔNG phải tin mới (Thời gian: Đăng1 tuần trước). Tiếp tục tìm kiếm.
Bỏ qua tin tuyển dụng KHÔNG phải tin mới (Thời gian: Đăng1 tuần trước). Tiếp tục tìm kiếm.
Bỏ qua tin tuyển dụng KHÔNG phải tin mới (Thời gian: Đăng1 tuần trước). Tiếp tục tìm kiếm.
Bỏ qua tin tuyển dụng KHÔNG phải tin mới (Thời gian: Đăng1 tuần trước). Tiếp tục tìm kiếm.
Bỏ qua tin tuyển dụng KHÔNG phải tin mới (Thời gian: Đăng1 tuần trước). Tiếp tục tìm kiếm.
Bỏ qua tin tuyển dụng KHÔNG phải tin mới (Thời gian: Đăng1 tuần trước). Tiếp tục tìm kiếm.
Bỏ qua tin tuyển dụng KHÔNG phải tin mới (Thời gian: Đăng1 tuần trước). Tiếp tục tìm kiếm.
Bỏ qua tin tuyển dụng KHÔNG phải tin mới (Thời gian: Đăng1 tuần trước). Tiếp tục tìm kiếm.
Bỏ qua tin tuyển dụng KHÔNG phải tin mới (Thời gian: Đăng1 tuần trước). Tiếp tục tìm kiếm.
Bỏ qua tin tuyển dụng KHÔNG phải tin mới (Thời gian: Đăng1 tuần trước). Tiếp tục tìm kiếm.
Bỏ qua tin tuyển dụng KHÔNG phải tin mới (Thời gian: Đăng1 tuần trước). Tiếp tục tìm kiếm.
Bỏ qua tin tuyển dụng KHÔNG phải tin mới (Thời gian: Đăng1 tuần trước). Tiếp tục tìm kiếm.
Bỏ qua tin tuyển dụng KHÔNG phải tin mới (Thời gian: Đăng1 tuần trước). Tiếp tục tìm kiếm.
Bỏ qua tin tuyển dụng KHÔNG phải tin mới (Thời gian: Đăng1 tuần trước). Tiếp tục tìm kiếm.
Bỏ qua tin tuyển dụng KHÔNG phải tin mới (Thời gian: Đăng1 tuần trước). Tiếp tục tìm kiếm.
Bỏ qua tin tuyển dụng KHÔNG phải tin mới (Thời gian: Đăng1 tuần trước). Tiếp tục tìm kiếm.
Bỏ qua tin tuyển dụng KHÔNG phải tin mới (Thời gian: Đăng1 tuần trước). Tiếp tục tìm kiếm.
Bỏ qua tin tuyển dụng KHÔNG phải tin mới (Thời gian: Đăng1 tuần trước). Tiếp tục tìm kiếm.
Bỏ qua tin tuyển dụng KHÔNG phải tin mới (Thời gian: Đăng1 tuần trước). Tiếp tục tìm kiếm.
Bỏ qua tin tuyển dụng KHÔNG phải tin mới (Thời gian: Đăng1 tuần trước). Tiếp tục tìm kiếm.
Bỏ qua tin tuyển dụng KHÔNG phải tin mới (Thời gian: Đăng1 tuần trước). Tiếp tục tìm kiếm.
Bỏ qua tin tuyển dụng KHÔNG phải tin mới (Thời gian: Đăng1 tuần trước). Tiếp tục tìm kiếm.
Bỏ qua tin tuyển dụng KHÔNG phải tin mới (Thời gian: Đăng1 tuần trước). Tiếp tục tìm kiếm.
Bỏ qua tin tuyển dụng KHÔNG phải tin mới (Thời gian: Đăng1 tuần trước). Tiếp tục tìm kiếm.
Bỏ qua tin tuyển dụng KHÔNG phải tin mới (Thời gian: Đăng1 tuần trước). Tiếp tục tìm kiếm.
Bỏ qua tin tuyển dụng KHÔNG phải tin mới (Thời gian: Đăng1 tuần trước). Tiếp tục tìm kiếm.
Bỏ qua tin tuyển dụng KHÔNG phải tin mới (Thời gian: Đăng1 tuần trước). Tiếp tục tìm kiếm.
Bỏ qua tin tuyển dụng KHÔNG phải tin mới (Thời gian: Đăng1 tuần trước). Tiếp tục tìm kiếm.
Bỏ qua tin tuyển dụng KHÔNG phải tin mới (Thời gian: Đăng1 tuần trước). Tiếp tục tìm kiếm.
Bỏ qua tin tuyển dụng KHÔNG phải tin mới (Thời gian: Đăng1 tuần trước). Tiếp tục tìm kiếm.
Bỏ qua tin tuyển dụng KHÔNG phải tin mới (Thời gian: Đăng1 tuần trước). Tiếp tục tìm kiếm.
Bỏ qua tin tuyển dụng KHÔNG phải tin mới (Thời gian: Đăng1 tuần trước). Tiếp tục tìm kiếm.
Bỏ qua tin tuyển dụng KHÔNG phải tin mới (Thời gian: Đăng1 tuần trước). Tiếp tục tìm kiếm.
Bỏ qua tin tuyển dụng KHÔNG phải tin mới (Thời gian: Đăng1 tuần trước). Tiếp tục tìm kiếm.
Bỏ qua tin tuyển dụng KHÔNG phải tin mới (Thời gian: Đăng1 tuần trước). Tiếp tục tìm kiếm.
Hoàn thành trích xuất Trang 32. Đã thêm 0 công việc. Tổng số BẢN GHI (đã nhân bản): 1457.
Tạm dừng 11.20 giây trước khi chuyển sang trang tiếp theo.

--- Đang gửi GET Request cho Trang 33 tại URL: https://www.topcv.vn/tim-viec-lam-moi-nhat?sort=new&type_keyword=1&sba=1&page=33 ---
Bỏ qua tin tuyển dụng KHÔNG phải tin mới (Thời gian: Đăng1 tuần trước). Tiếp tục tìm kiếm.
Bỏ qua tin tuyển dụng KHÔNG phải tin mới (Thời gian: Đăng1 tuần trước). Tiếp tục tìm kiếm.
Bỏ qua tin tuyển dụng KHÔNG phải tin mới (Thời gian: Đăng1 tuần trước). Tiếp tục tìm kiếm.
Bỏ qua tin tuyển dụng KHÔNG phải tin mới (Thời gian: Đăng1 tuần trước). Tiếp tục tìm kiếm.
Bỏ qua tin tuyển dụng KHÔNG phải tin mới (Thời gian: Đăng1 tuần trước). Tiếp tục tìm kiếm.
Bỏ qua tin tuyển dụng KHÔNG phải tin mới (Thời gian: Đăng1 tuần trước). Tiếp tục tìm kiếm.
Bỏ qua tin tuyển dụng KHÔNG phải tin mới (Thời gian: Đăng1 tuần trước). Tiếp tục tìm kiếm.
Bỏ qua tin tuyển dụng KHÔNG phải tin mới (Thời gian: Đăng1 tuần trước). Tiếp tục tìm kiếm.
Bỏ qua tin tuyển dụng KHÔNG phải tin mới (Thời gian: Đăng1 tuần trước). Tiếp tục tìm kiếm.
Bỏ qua tin tuyển dụng KHÔNG phải tin mới (Thời gian: Đăng1 tuần trước). Tiếp tục tìm kiếm.
Bỏ qua tin tuyển dụng KHÔNG phải tin mới (Thời gian: Đăng1 tuần trước). Tiếp tục tìm kiếm.
Bỏ qua tin tuyển dụng KHÔNG phải tin mới (Thời gian: Đăng1 tuần trước). Tiếp tục tìm kiếm.
Bỏ qua tin tuyển dụng KHÔNG phải tin mới (Thời gian: Đăng1 tuần trước). Tiếp tục tìm kiếm.
Bỏ qua tin tuyển dụng KHÔNG phải tin mới (Thời gian: Đăng1 tuần trước). Tiếp tục tìm kiếm.
Bỏ qua tin tuyển dụng KHÔNG phải tin mới (Thời gian: Đăng1 tuần trước). Tiếp tục tìm kiếm.
Bỏ qua tin tuyển dụng KHÔNG phải tin mới (Thời gian: Đăng1 tuần trước). Tiếp tục tìm kiếm.
Bỏ qua tin tuyển dụng KHÔNG phải tin mới (Thời gian: Đăng1 tuần trước). Tiếp tục tìm kiếm.
Bỏ qua tin tuyển dụng KHÔNG phải tin mới (Thời gian: Đăng1 tuần trước). Tiếp tục tìm kiếm.
Bỏ qua tin tuyển dụng KHÔNG phải tin mới (Thời gian: Đăng1 tuần trước). Tiếp tục tìm kiếm.
Bỏ qua tin tuyển dụng KHÔNG phải tin mới (Thời gian: Đăng1 tuần trước). Tiếp tục tìm kiếm.
Bỏ qua tin tuyển dụng KHÔNG phải tin mới (Thời gian: Đăng1 tuần trước). Tiếp tục tìm kiếm.
Bỏ qua tin tuyển dụng KHÔNG phải tin mới (Thời gian: Đăng1 tuần trước). Tiếp tục tìm kiếm.
Bỏ qua tin tuyển dụng KHÔNG phải tin mới (Thời gian: Đăng1 tuần trước). Tiếp tục tìm kiếm.
Bỏ qua tin tuyển dụng KHÔNG phải tin mới (Thời gian: Đăng1 tuần trước). Tiếp tục tìm kiếm.
Bỏ qua tin tuyển dụng KHÔNG phải tin mới (Thời gian: Đăng1 tuần trước). Tiếp tục tìm kiếm.
Bỏ qua tin tuyển dụng KHÔNG phải tin mới (Thời gian: Đăng1 tuần trước). Tiếp tục tìm kiếm.
Bỏ qua tin tuyển dụng KHÔNG phải tin mới (Thời gian: Đăng1 tuần trước). Tiếp tục tìm kiếm.
Bỏ qua tin tuyển dụng KHÔNG phải tin mới (Thời gian: Đăng1 tuần trước). Tiếp tục tìm kiếm.
Bỏ qua tin tuyển dụng KHÔNG phải tin mới (Thời gian: Đăng1 tuần trước). Tiếp tục tìm kiếm.
Bỏ qua tin tuyển dụng KHÔNG phải tin mới (Thời gian: Đăng1 tuần trước). Tiếp tục tìm kiếm.
Bỏ qua tin tuyển dụng KHÔNG phải tin mới (Thời gian: Đăng1 tuần trước). Tiếp tục tìm kiếm.
Bỏ qua tin tuyển dụng KHÔNG phải tin mới (Thời gian: Đăng1 tuần trước). Tiếp tục tìm kiếm.
Bỏ qua tin tuyển dụng KHÔNG phải tin mới (Thời gian: Đăng1 tuần trước). Tiếp tục tìm kiếm.
Bỏ qua tin tuyển dụng KHÔNG phải tin mới (Thời gian: Đăng1 tuần trước). Tiếp tục tìm kiếm.
Bỏ qua tin tuyển dụng KHÔNG phải tin mới (Thời gian: Đăng1 tuần trước). Tiếp tục tìm kiếm.
Bỏ qua tin tuyển dụng KHÔNG phải tin mới (Thời gian: Đăng1 tuần trước). Tiếp tục tìm kiếm.
Bỏ qua tin tuyển dụng KHÔNG phải tin mới (Thời gian: Đăng1 tuần trước). Tiếp tục tìm kiếm.
Bỏ qua tin tuyển dụng KHÔNG phải tin mới (Thời gian: Đăng1 tuần trước). Tiếp tục tìm kiếm.
Bỏ qua tin tuyển dụng KHÔNG phải tin mới (Thời gian: Đăng1 tuần trước). Tiếp tục tìm kiếm.
Bỏ qua tin tuyển dụng KHÔNG phải tin mới (Thời gian: Đăng1 tuần trước). Tiếp tục tìm kiếm.
Bỏ qua tin tuyển dụng KHÔNG phải tin mới (Thời gian: Đăng1 tuần trước). Tiếp tục tìm kiếm.
Bỏ qua tin tuyển dụng KHÔNG phải tin mới (Thời gian: Đăng1 tuần trước). Tiếp tục tìm kiếm.
Bỏ qua tin tuyển dụng KHÔNG phải tin mới (Thời gian: Đăng1 tuần trước). Tiếp tục tìm kiếm.
Bỏ qua tin tuyển dụng KHÔNG phải tin mới (Thời gian: Đăng1 tuần trước). Tiếp tục tìm kiếm.
Bỏ qua tin tuyển dụng KHÔNG phải tin mới (Thời gian: Đăng1 tuần trước). Tiếp tục tìm kiếm.
Bỏ qua tin tuyển dụng KHÔNG phải tin mới (Thời gian: Đăng1 tuần trước). Tiếp tục tìm kiếm.
Bỏ qua tin tuyển dụng KHÔNG phải tin mới (Thời gian: Đăng1 tuần trước). Tiếp tục tìm kiếm.
Bỏ qua tin tuyển dụng KHÔNG phải tin mới (Thời gian: Đăng1 tuần trước). Tiếp tục tìm kiếm.
Bỏ qua tin tuyển dụng KHÔNG phải tin mới (Thời gian: Đăng1 tuần trước). Tiếp tục tìm kiếm.
Bỏ qua tin tuyển dụng KHÔNG phải tin mới (Thời gian: Đăng1 tuần trước). Tiếp tục tìm kiếm.
Hoàn thành trích xuất Trang 33. Đã thêm 0 công việc. Tổng số BẢN GHI (đã nhân bản): 1457.
Tạm dừng 8.18 giây trước khi chuyển sang trang tiếp theo.

--- Đang gửi GET Request cho Trang 34 tại URL: https://www.topcv.vn/tim-viec-lam-moi-nhat?sort=new&type_keyword=1&sba=1&page=34 ---
Bỏ qua tin tuyển dụng KHÔNG phải tin mới (Thời gian: Đăng1 tuần trước). Tiếp tục tìm kiếm.
Bỏ qua tin tuyển dụng KHÔNG phải tin mới (Thời gian: Đăng1 tuần trước). Tiếp tục tìm kiếm.
Bỏ qua tin tuyển dụng KHÔNG phải tin mới (Thời gian: Đăng1 tuần trước). Tiếp tục tìm kiếm.
Bỏ qua tin tuyển dụng KHÔNG phải tin mới (Thời gian: Đăng1 tuần trước). Tiếp tục tìm kiếm.
Bỏ qua tin tuyển dụng KHÔNG phải tin mới (Thời gian: Đăng1 tuần trước). Tiếp tục tìm kiếm.
Bỏ qua tin tuyển dụng KHÔNG phải tin mới (Thời gian: Đăng1 tuần trước). Tiếp tục tìm kiếm.
Bỏ qua tin tuyển dụng KHÔNG phải tin mới (Thời gian: Đăng1 tuần trước). Tiếp tục tìm kiếm.
Bỏ qua tin tuyển dụng KHÔNG phải tin mới (Thời gian: Đăng1 tuần trước). Tiếp tục tìm kiếm.
Bỏ qua tin tuyển dụng KHÔNG phải tin mới (Thời gian: Đăng1 tuần trước). Tiếp tục tìm kiếm.
Bỏ qua tin tuyển dụng KHÔNG phải tin mới (Thời gian: Đăng1 tuần trước). Tiếp tục tìm kiếm.
Bỏ qua tin tuyển dụng KHÔNG phải tin mới (Thời gian: Đăng1 tuần trước). Tiếp tục tìm kiếm.
Bỏ qua tin tuyển dụng KHÔNG phải tin mới (Thời gian: Đăng1 tuần trước). Tiếp tục tìm kiếm.
Bỏ qua tin tuyển dụng KHÔNG phải tin mới (Thời gian: Đăng1 tuần trước). Tiếp tục tìm kiếm.
Bỏ qua tin tuyển dụng KHÔNG phải tin mới (Thời gian: Đăng1 tuần trước). Tiếp tục tìm kiếm.
Bỏ qua tin tuyển dụng KHÔNG phải tin mới (Thời gian: Đăng1 tuần trước). Tiếp tục tìm kiếm.
Bỏ qua tin tuyển dụng KHÔNG phải tin mới (Thời gian: Đăng1 tuần trước). Tiếp tục tìm kiếm.
Bỏ qua tin tuyển dụng KHÔNG phải tin mới (Thời gian: Đăng1 tuần trước). Tiếp tục tìm kiếm.
Bỏ qua tin tuyển dụng KHÔNG phải tin mới (Thời gian: Đăng1 tuần trước). Tiếp tục tìm kiếm.
Bỏ qua tin tuyển dụng KHÔNG phải tin mới (Thời gian: Đăng1 tuần trước). Tiếp tục tìm kiếm.
Bỏ qua tin tuyển dụng KHÔNG phải tin mới (Thời gian: Đăng1 tuần trước). Tiếp tục tìm kiếm.
Bỏ qua tin tuyển dụng KHÔNG phải tin mới (Thời gian: Đăng1 tuần trước). Tiếp tục tìm kiếm.
Bỏ qua tin tuyển dụng KHÔNG phải tin mới (Thời gian: Đăng1 tuần trước). Tiếp tục tìm kiếm.
Bỏ qua tin tuyển dụng KHÔNG phải tin mới (Thời gian: Đăng1 tuần trước). Tiếp tục tìm kiếm.
Bỏ qua tin tuyển dụng KHÔNG phải tin mới (Thời gian: Đăng1 tuần trước). Tiếp tục tìm kiếm.
Bỏ qua tin tuyển dụng KHÔNG phải tin mới (Thời gian: Đăng1 tuần trước). Tiếp tục tìm kiếm.
Bỏ qua tin tuyển dụng KHÔNG phải tin mới (Thời gian: Đăng1 tuần trước). Tiếp tục tìm kiếm.
Bỏ qua tin tuyển dụng KHÔNG phải tin mới (Thời gian: Đăng1 tuần trước). Tiếp tục tìm kiếm.
Bỏ qua tin tuyển dụng KHÔNG phải tin mới (Thời gian: Đăng1 tuần trước). Tiếp tục tìm kiếm.
Bỏ qua tin tuyển dụng KHÔNG phải tin mới (Thời gian: Đăng1 tuần trước). Tiếp tục tìm kiếm.
Bỏ qua tin tuyển dụng KHÔNG phải tin mới (Thời gian: Đăng1 tuần trước). Tiếp tục tìm kiếm.
Bỏ qua tin tuyển dụng KHÔNG phải tin mới (Thời gian: Đăng1 tuần trước). Tiếp tục tìm kiếm.
Bỏ qua tin tuyển dụng KHÔNG phải tin mới (Thời gian: Đăng1 tuần trước). Tiếp tục tìm kiếm.
Bỏ qua tin tuyển dụng KHÔNG phải tin mới (Thời gian: Đăng1 tuần trước). Tiếp tục tìm kiếm.
Bỏ qua tin tuyển dụng KHÔNG phải tin mới (Thời gian: Đăng1 tuần trước). Tiếp tục tìm kiếm.
Bỏ qua tin tuyển dụng KHÔNG phải tin mới (Thời gian: Đăng1 tuần trước). Tiếp tục tìm kiếm.
Bỏ qua tin tuyển dụng KHÔNG phải tin mới (Thời gian: Đăng1 tuần trước). Tiếp tục tìm kiếm.
Bỏ qua tin tuyển dụng KHÔNG phải tin mới (Thời gian: Đăng1 tuần trước). Tiếp tục tìm kiếm.
Bỏ qua tin tuyển dụng KHÔNG phải tin mới (Thời gian: Đăng1 tuần trước). Tiếp tục tìm kiếm.
Bỏ qua tin tuyển dụng KHÔNG phải tin mới (Thời gian: Đăng1 tuần trước). Tiếp tục tìm kiếm.
Bỏ qua tin tuyển dụng KHÔNG phải tin mới (Thời gian: Đăng1 tuần trước). Tiếp tục tìm kiếm.
Bỏ qua tin tuyển dụng KHÔNG phải tin mới (Thời gian: Đăng1 tuần trước). Tiếp tục tìm kiếm.
Bỏ qua tin tuyển dụng KHÔNG phải tin mới (Thời gian: Đăng1 tuần trước). Tiếp tục tìm kiếm.
Bỏ qua tin tuyển dụng KHÔNG phải tin mới (Thời gian: Đăng1 tuần trước). Tiếp tục tìm kiếm.
Bỏ qua tin tuyển dụng KHÔNG phải tin mới (Thời gian: Đăng1 tuần trước). Tiếp tục tìm kiếm.
Bỏ qua tin tuyển dụng KHÔNG phải tin mới (Thời gian: Đăng1 tuần trước). Tiếp tục tìm kiếm.
Bỏ qua tin tuyển dụng KHÔNG phải tin mới (Thời gian: Đăng1 tuần trước). Tiếp tục tìm kiếm.
Bỏ qua tin tuyển dụng KHÔNG phải tin mới (Thời gian: Đăng1 tuần trước). Tiếp tục tìm kiếm.
Bỏ qua tin tuyển dụng KHÔNG phải tin mới (Thời gian: Đăng1 tuần trước). Tiếp tục tìm kiếm.
Bỏ qua tin tuyển dụng KHÔNG phải tin mới (Thời gian: Đăng1 tuần trước). Tiếp tục tìm kiếm.
Bỏ qua tin tuyển dụng KHÔNG phải tin mới (Thời gian: Đăng1 tuần trước). Tiếp tục tìm kiếm.
Hoàn thành trích xuất Trang 34. Đã thêm 0 công việc. Tổng số BẢN GHI (đã nhân bản): 1457.
Tạm dừng 11.84 giây trước khi chuyển sang trang tiếp theo.

--- Đang gửi GET Request cho Trang 35 tại URL: https://www.topcv.vn/tim-viec-lam-moi-nhat?sort=new&type_keyword=1&sba=1&page=35 ---
Bỏ qua tin tuyển dụng KHÔNG phải tin mới (Thời gian: Đăng1 tuần trước). Tiếp tục tìm kiếm.
Bỏ qua tin tuyển dụng KHÔNG phải tin mới (Thời gian: Đăng1 tuần trước). Tiếp tục tìm kiếm.
Bỏ qua tin tuyển dụng KHÔNG phải tin mới (Thời gian: Đăng2 tuần trước). Tiếp tục tìm kiếm.
Bỏ qua tin tuyển dụng KHÔNG phải tin mới (Thời gian: Đăng2 tuần trước). Tiếp tục tìm kiếm.
Bỏ qua tin tuyển dụng KHÔNG phải tin mới (Thời gian: Đăng2 tuần trước). Tiếp tục tìm kiếm.
Bỏ qua tin tuyển dụng KHÔNG phải tin mới (Thời gian: Đăng2 tuần trước). Tiếp tục tìm kiếm.
Bỏ qua tin tuyển dụng KHÔNG phải tin mới (Thời gian: Đăng2 tuần trước). Tiếp tục tìm kiếm.
Bỏ qua tin tuyển dụng KHÔNG phải tin mới (Thời gian: Đăng2 tuần trước). Tiếp tục tìm kiếm.
Bỏ qua tin tuyển dụng KHÔNG phải tin mới (Thời gian: Đăng2 tuần trước). Tiếp tục tìm kiếm.
Bỏ qua tin tuyển dụng KHÔNG phải tin mới (Thời gian: Đăng2 tuần trước). Tiếp tục tìm kiếm.
Bỏ qua tin tuyển dụng KHÔNG phải tin mới (Thời gian: Đăng2 tuần trước). Tiếp tục tìm kiếm.
Bỏ qua tin tuyển dụng KHÔNG phải tin mới (Thời gian: Đăng2 tuần trước). Tiếp tục tìm kiếm.
Bỏ qua tin tuyển dụng KHÔNG phải tin mới (Thời gian: Đăng2 tuần trước). Tiếp tục tìm kiếm.
Bỏ qua tin tuyển dụng KHÔNG phải tin mới (Thời gian: Đăng2 tuần trước). Tiếp tục tìm kiếm.
Bỏ qua tin tuyển dụng KHÔNG phải tin mới (Thời gian: Đăng2 tuần trước). Tiếp tục tìm kiếm.
Bỏ qua tin tuyển dụng KHÔNG phải tin mới (Thời gian: Đăng2 tuần trước). Tiếp tục tìm kiếm.
Bỏ qua tin tuyển dụng KHÔNG phải tin mới (Thời gian: Đăng2 tuần trước). Tiếp tục tìm kiếm.
Bỏ qua tin tuyển dụng KHÔNG phải tin mới (Thời gian: Đăng2 tuần trước). Tiếp tục tìm kiếm.
Bỏ qua tin tuyển dụng KHÔNG phải tin mới (Thời gian: Đăng2 tuần trước). Tiếp tục tìm kiếm.
Bỏ qua tin tuyển dụng KHÔNG phải tin mới (Thời gian: Đăng2 tuần trước). Tiếp tục tìm kiếm.
Bỏ qua tin tuyển dụng KHÔNG phải tin mới (Thời gian: Đăng2 tuần trước). Tiếp tục tìm kiếm.
Bỏ qua tin tuyển dụng KHÔNG phải tin mới (Thời gian: Đăng2 tuần trước). Tiếp tục tìm kiếm.
Bỏ qua tin tuyển dụng KHÔNG phải tin mới (Thời gian: Đăng2 tuần trước). Tiếp tục tìm kiếm.
Bỏ qua tin tuyển dụng KHÔNG phải tin mới (Thời gian: Đăng2 tuần trước). Tiếp tục tìm kiếm.
Bỏ qua tin tuyển dụng KHÔNG phải tin mới (Thời gian: Đăng2 tuần trước). Tiếp tục tìm kiếm.
Bỏ qua tin tuyển dụng KHÔNG phải tin mới (Thời gian: Đăng2 tuần trước). Tiếp tục tìm kiếm.
Bỏ qua tin tuyển dụng KHÔNG phải tin mới (Thời gian: Đăng2 tuần trước). Tiếp tục tìm kiếm.
Bỏ qua tin tuyển dụng KHÔNG phải tin mới (Thời gian: Đăng2 tuần trước). Tiếp tục tìm kiếm.
Bỏ qua tin tuyển dụng KHÔNG phải tin mới (Thời gian: Đăng2 tuần trước). Tiếp tục tìm kiếm.
Bỏ qua tin tuyển dụng KHÔNG phải tin mới (Thời gian: Đăng2 tuần trước). Tiếp tục tìm kiếm.
Bỏ qua tin tuyển dụng KHÔNG phải tin mới (Thời gian: Đăng1 tuần trước). Tiếp tục tìm kiếm.
Bỏ qua tin tuyển dụng KHÔNG phải tin mới (Thời gian: Đăng1 tuần trước). Tiếp tục tìm kiếm.
Hoàn thành trích xuất Trang 35. Đã thêm 18 công việc. Tổng số BẢN GHI (đã nhân bản): 1491.
Tạm dừng 10.56 giây trước khi chuyển sang trang tiếp theo.

--- Đang gửi GET Request cho Trang 36 tại URL: https://www.topcv.vn/tim-viec-lam-moi-nhat?sort=new&type_keyword=1&sba=1&page=36 ---
Hoàn thành trích xuất Trang 36. Đã thêm 50 công việc. Tổng số BẢN GHI (đã nhân bản): 1577.
Tạm dừng 10.03 giây trước khi chuyển sang trang tiếp theo.

--- Đang gửi GET Request cho Trang 37 tại URL: https://www.topcv.vn/tim-viec-lam-moi-nhat?sort=new&type_keyword=1&sba=1&page=37 ---
Hoàn thành trích xuất Trang 37. Đã thêm 50 công việc. Tổng số BẢN GHI (đã nhân bản): 1672.
Tạm dừng 6.57 giây trước khi chuyển sang trang tiếp theo.

--- Đang gửi GET Request cho Trang 38 tại URL: https://www.topcv.vn/tim-viec-lam-moi-nhat?sort=new&type_keyword=1&sba=1&page=38 ---
Hoàn thành trích xuất Trang 38. Đã thêm 50 công việc. Tổng số BẢN GHI (đã nhân bản): 1761.
Tạm dừng 5.61 giây trước khi chuyển sang trang tiếp theo.

--- Đang gửi GET Request cho Trang 39 tại URL: https://www.topcv.vn/tim-viec-lam-moi-nhat?sort=new&type_keyword=1&sba=1&page=39 ---
Hoàn thành trích xuất Trang 39. Đã thêm 50 công việc. Tổng số BẢN GHI (đã nhân bản): 1850.
Tạm dừng 11.40 giây trước khi chuyển sang trang tiếp theo.

--- Đang gửi GET Request cho Trang 40 tại URL: https://www.topcv.vn/tim-viec-lam-moi-nhat?sort=new&type_keyword=1&sba=1&page=40 ---
Hoàn thành trích xuất Trang 40. Đã thêm 50 công việc. Tổng số BẢN GHI (đã nhân bản): 1937.
Tạm dừng 7.19 giây trước khi chuyển sang trang tiếp theo.

--- Đang gửi GET Request cho Trang 41 tại URL: https://www.topcv.vn/tim-viec-lam-moi-nhat?sort=new&type_keyword=1&sba=1&page=41 ---
Hoàn thành trích xuất Trang 41. Đã thêm 50 công việc. Tổng số BẢN GHI (đã nhân bản): 2030.
Tạm dừng 5.08 giây trước khi chuyển sang trang tiếp theo.

--- Đang gửi GET Request cho Trang 42 tại URL: https://www.topcv.vn/tim-viec-lam-moi-nhat?sort=new&type_keyword=1&sba=1&page=42 ---
Hoàn thành trích xuất Trang 42. Đã thêm 50 công việc. Tổng số BẢN GHI (đã nhân bản): 2126.
Tạm dừng 9.97 giây trước khi chuyển sang trang tiếp theo.

--- Đang gửi GET Request cho Trang 43 tại URL: https://www.topcv.vn/tim-viec-lam-moi-nhat?sort=new&type_keyword=1&sba=1&page=43 ---
Bỏ qua tin tuyển dụng KHÔNG phải tin mới (Thời gian: Đăng2 tuần trước). Tiếp tục tìm kiếm.
Hoàn thành trích xuất Trang 43. Đã thêm 49 công việc. Tổng số BẢN GHI (đã nhân bản): 2207.
Tạm dừng 7.33 giây trước khi chuyển sang trang tiếp theo.

--- Đang gửi GET Request cho Trang 44 tại URL: https://www.topcv.vn/tim-viec-lam-moi-nhat?sort=new&type_keyword=1&sba=1&page=44 ---
Hoàn thành trích xuất Trang 44. Đã thêm 50 công việc. Tổng số BẢN GHI (đã nhân bản): 2301.
Tạm dừng 10.03 giây trước khi chuyển sang trang tiếp theo.

--- Đang gửi GET Request cho Trang 45 tại URL: https://www.topcv.vn/tim-viec-lam-moi-nhat?sort=new&type_keyword=1&sba=1&page=45 ---
Hoàn thành trích xuất Trang 45. Đã thêm 50 công việc. Tổng số BẢN GHI (đã nhân bản): 2387.
Tạm dừng 6.60 giây trước khi chuyển sang trang tiếp theo.

--- Đang gửi GET Request cho Trang 46 tại URL: https://www.topcv.vn/tim-viec-lam-moi-nhat?sort=new&type_keyword=1&sba=1&page=46 ---
Hoàn thành trích xuất Trang 46. Đã thêm 50 công việc. Tổng số BẢN GHI (đã nhân bản): 2478.
Tạm dừng 11.39 giây trước khi chuyển sang trang tiếp theo.

--- Đang gửi GET Request cho Trang 47 tại URL: https://www.topcv.vn/tim-viec-lam-moi-nhat?sort=new&type_keyword=1&sba=1&page=47 ---
Hoàn thành trích xuất Trang 47. Đã thêm 50 công việc. Tổng số BẢN GHI (đã nhân bản): 2572.
Tạm dừng 10.64 giây trước khi chuyển sang trang tiếp theo.

--- Đang gửi GET Request cho Trang 48 tại URL: https://www.topcv.vn/tim-viec-lam-moi-nhat?sort=new&type_keyword=1&sba=1&page=48 ---
Bỏ qua tin tuyển dụng KHÔNG phải tin mới (Thời gian: Đăng1 tuần trước). Tiếp tục tìm kiếm.
Bỏ qua tin tuyển dụng KHÔNG phải tin mới (Thời gian: Đăng1 tuần trước). Tiếp tục tìm kiếm.
Bỏ qua tin tuyển dụng KHÔNG phải tin mới (Thời gian: Đăng1 tuần trước). Tiếp tục tìm kiếm.
Bỏ qua tin tuyển dụng KHÔNG phải tin mới (Thời gian: Đăng1 tuần trước). Tiếp tục tìm kiếm.
Bỏ qua tin tuyển dụng KHÔNG phải tin mới (Thời gian: Đăng1 tuần trước). Tiếp tục tìm kiếm.
Bỏ qua tin tuyển dụng KHÔNG phải tin mới (Thời gian: Đăng1 tuần trước). Tiếp tục tìm kiếm.
Bỏ qua tin tuyển dụng KHÔNG phải tin mới (Thời gian: Đăng1 tuần trước). Tiếp tục tìm kiếm.
Bỏ qua tin tuyển dụng KHÔNG phải tin mới (Thời gian: Đăng1 tuần trước). Tiếp tục tìm kiếm.
Bỏ qua tin tuyển dụng KHÔNG phải tin mới (Thời gian: Đăng1 tuần trước). Tiếp tục tìm kiếm.
Bỏ qua tin tuyển dụng KHÔNG phải tin mới (Thời gian: Đăng1 tuần trước). Tiếp tục tìm kiếm.
Bỏ qua tin tuyển dụng KHÔNG phải tin mới (Thời gian: Đăng1 tuần trước). Tiếp tục tìm kiếm.
Bỏ qua tin tuyển dụng KHÔNG phải tin mới (Thời gian: Đăng1 tuần trước). Tiếp tục tìm kiếm.
Bỏ qua tin tuyển dụng KHÔNG phải tin mới (Thời gian: Đăng1 tuần trước). Tiếp tục tìm kiếm.
Bỏ qua tin tuyển dụng KHÔNG phải tin mới (Thời gian: Đăng1 tuần trước). Tiếp tục tìm kiếm.
Bỏ qua tin tuyển dụng KHÔNG phải tin mới (Thời gian: Đăng1 tuần trước). Tiếp tục tìm kiếm.
Bỏ qua tin tuyển dụng KHÔNG phải tin mới (Thời gian: Đăng1 tuần trước). Tiếp tục tìm kiếm.
Bỏ qua tin tuyển dụng KHÔNG phải tin mới (Thời gian: Đăng1 tuần trước). Tiếp tục tìm kiếm.
Bỏ qua tin tuyển dụng KHÔNG phải tin mới (Thời gian: Đăng1 tuần trước). Tiếp tục tìm kiếm.
Bỏ qua tin tuyển dụng KHÔNG phải tin mới (Thời gian: Đăng1 tuần trước). Tiếp tục tìm kiếm.
Bỏ qua tin tuyển dụng KHÔNG phải tin mới (Thời gian: Đăng1 tuần trước). Tiếp tục tìm kiếm.
Bỏ qua tin tuyển dụng KHÔNG phải tin mới (Thời gian: Đăng1 tuần trước). Tiếp tục tìm kiếm.
Bỏ qua tin tuyển dụng KHÔNG phải tin mới (Thời gian: Đăng1 tuần trước). Tiếp tục tìm kiếm.
Bỏ qua tin tuyển dụng KHÔNG phải tin mới (Thời gian: Đăng1 tuần trước). Tiếp tục tìm kiếm.
Bỏ qua tin tuyển dụng KHÔNG phải tin mới (Thời gian: Đăng1 tuần trước). Tiếp tục tìm kiếm.
Bỏ qua tin tuyển dụng KHÔNG phải tin mới (Thời gian: Đăng1 tuần trước). Tiếp tục tìm kiếm.
Bỏ qua tin tuyển dụng KHÔNG phải tin mới (Thời gian: Đăng1 tuần trước). Tiếp tục tìm kiếm.
Bỏ qua tin tuyển dụng KHÔNG phải tin mới (Thời gian: Đăng1 tuần trước). Tiếp tục tìm kiếm.
Hoàn thành trích xuất Trang 48. Đã thêm 23 công việc. Tổng số BẢN GHI (đã nhân bản): 2616.
Tạm dừng 8.10 giây trước khi chuyển sang trang tiếp theo.

--- Đang gửi GET Request cho Trang 49 tại URL: https://www.topcv.vn/tim-viec-lam-moi-nhat?sort=new&type_keyword=1&sba=1&page=49 ---
Bỏ qua tin tuyển dụng KHÔNG phải tin mới (Thời gian: Đăng1 tuần trước). Tiếp tục tìm kiếm.
Bỏ qua tin tuyển dụng KHÔNG phải tin mới (Thời gian: Đăng1 tuần trước). Tiếp tục tìm kiếm.
Bỏ qua tin tuyển dụng KHÔNG phải tin mới (Thời gian: Đăng1 tuần trước). Tiếp tục tìm kiếm.
Bỏ qua tin tuyển dụng KHÔNG phải tin mới (Thời gian: Đăng1 tuần trước). Tiếp tục tìm kiếm.
Bỏ qua tin tuyển dụng KHÔNG phải tin mới (Thời gian: Đăng1 tuần trước). Tiếp tục tìm kiếm.
Bỏ qua tin tuyển dụng KHÔNG phải tin mới (Thời gian: Đăng1 tuần trước). Tiếp tục tìm kiếm.
Bỏ qua tin tuyển dụng KHÔNG phải tin mới (Thời gian: Đăng1 tuần trước). Tiếp tục tìm kiếm.
Bỏ qua tin tuyển dụng KHÔNG phải tin mới (Thời gian: Đăng1 tuần trước). Tiếp tục tìm kiếm.
Bỏ qua tin tuyển dụng KHÔNG phải tin mới (Thời gian: Đăng1 tuần trước). Tiếp tục tìm kiếm.
Bỏ qua tin tuyển dụng KHÔNG phải tin mới (Thời gian: Đăng1 tuần trước). Tiếp tục tìm kiếm.
Bỏ qua tin tuyển dụng KHÔNG phải tin mới (Thời gian: Đăng1 tuần trước). Tiếp tục tìm kiếm.
Bỏ qua tin tuyển dụng KHÔNG phải tin mới (Thời gian: Đăng1 tuần trước). Tiếp tục tìm kiếm.
Bỏ qua tin tuyển dụng KHÔNG phải tin mới (Thời gian: Đăng1 tuần trước). Tiếp tục tìm kiếm.
Bỏ qua tin tuyển dụng KHÔNG phải tin mới (Thời gian: Đăng1 tuần trước). Tiếp tục tìm kiếm.
Bỏ qua tin tuyển dụng KHÔNG phải tin mới (Thời gian: Đăng1 tuần trước). Tiếp tục tìm kiếm.
Bỏ qua tin tuyển dụng KHÔNG phải tin mới (Thời gian: Đăng1 tuần trước). Tiếp tục tìm kiếm.
Bỏ qua tin tuyển dụng KHÔNG phải tin mới (Thời gian: Đăng1 tuần trước). Tiếp tục tìm kiếm.
Bỏ qua tin tuyển dụng KHÔNG phải tin mới (Thời gian: Đăng1 tuần trước). Tiếp tục tìm kiếm.
Bỏ qua tin tuyển dụng KHÔNG phải tin mới (Thời gian: Đăng1 tuần trước). Tiếp tục tìm kiếm.
Bỏ qua tin tuyển dụng KHÔNG phải tin mới (Thời gian: Đăng1 tuần trước). Tiếp tục tìm kiếm.
Bỏ qua tin tuyển dụng KHÔNG phải tin mới (Thời gian: Đăng1 tuần trước). Tiếp tục tìm kiếm.
Bỏ qua tin tuyển dụng KHÔNG phải tin mới (Thời gian: Đăng1 tuần trước). Tiếp tục tìm kiếm.
Bỏ qua tin tuyển dụng KHÔNG phải tin mới (Thời gian: Đăng1 tuần trước). Tiếp tục tìm kiếm.
Bỏ qua tin tuyển dụng KHÔNG phải tin mới (Thời gian: Đăng1 tuần trước). Tiếp tục tìm kiếm.
Bỏ qua tin tuyển dụng KHÔNG phải tin mới (Thời gian: Đăng1 tuần trước). Tiếp tục tìm kiếm.
Bỏ qua tin tuyển dụng KHÔNG phải tin mới (Thời gian: Đăng1 tuần trước). Tiếp tục tìm kiếm.
Bỏ qua tin tuyển dụng KHÔNG phải tin mới (Thời gian: Đăng1 tuần trước). Tiếp tục tìm kiếm.
Bỏ qua tin tuyển dụng KHÔNG phải tin mới (Thời gian: Đăng1 tuần trước). Tiếp tục tìm kiếm.
Bỏ qua tin tuyển dụng KHÔNG phải tin mới (Thời gian: Đăng1 tuần trước). Tiếp tục tìm kiếm.
Bỏ qua tin tuyển dụng KHÔNG phải tin mới (Thời gian: Đăng1 tuần trước). Tiếp tục tìm kiếm.
Bỏ qua tin tuyển dụng KHÔNG phải tin mới (Thời gian: Đăng1 tuần trước). Tiếp tục tìm kiếm.
Bỏ qua tin tuyển dụng KHÔNG phải tin mới (Thời gian: Đăng1 tuần trước). Tiếp tục tìm kiếm.
Bỏ qua tin tuyển dụng KHÔNG phải tin mới (Thời gian: Đăng1 tuần trước). Tiếp tục tìm kiếm.
Bỏ qua tin tuyển dụng KHÔNG phải tin mới (Thời gian: Đăng1 tuần trước). Tiếp tục tìm kiếm.
Bỏ qua tin tuyển dụng KHÔNG phải tin mới (Thời gian: Đăng1 tuần trước). Tiếp tục tìm kiếm.
Bỏ qua tin tuyển dụng KHÔNG phải tin mới (Thời gian: Đăng1 tuần trước). Tiếp tục tìm kiếm.
Bỏ qua tin tuyển dụng KHÔNG phải tin mới (Thời gian: Đăng1 tuần trước). Tiếp tục tìm kiếm.
Bỏ qua tin tuyển dụng KHÔNG phải tin mới (Thời gian: Đăng1 tuần trước). Tiếp tục tìm kiếm.
Bỏ qua tin tuyển dụng KHÔNG phải tin mới (Thời gian: Đăng1 tuần trước). Tiếp tục tìm kiếm.
Bỏ qua tin tuyển dụng KHÔNG phải tin mới (Thời gian: Đăng1 tuần trước). Tiếp tục tìm kiếm.
Bỏ qua tin tuyển dụng KHÔNG phải tin mới (Thời gian: Đăng1 tuần trước). Tiếp tục tìm kiếm.
Bỏ qua tin tuyển dụng KHÔNG phải tin mới (Thời gian: Đăng1 tuần trước). Tiếp tục tìm kiếm.
Bỏ qua tin tuyển dụng KHÔNG phải tin mới (Thời gian: Đăng1 tuần trước). Tiếp tục tìm kiếm.
Bỏ qua tin tuyển dụng KHÔNG phải tin mới (Thời gian: Đăng1 tuần trước). Tiếp tục tìm kiếm.
Bỏ qua tin tuyển dụng KHÔNG phải tin mới (Thời gian: Đăng1 tuần trước). Tiếp tục tìm kiếm.
Bỏ qua tin tuyển dụng KHÔNG phải tin mới (Thời gian: Đăng1 tuần trước). Tiếp tục tìm kiếm.
Bỏ qua tin tuyển dụng KHÔNG phải tin mới (Thời gian: Đăng1 tuần trước). Tiếp tục tìm kiếm.
Bỏ qua tin tuyển dụng KHÔNG phải tin mới (Thời gian: Đăng1 tuần trước). Tiếp tục tìm kiếm.
Bỏ qua tin tuyển dụng KHÔNG phải tin mới (Thời gian: Đăng1 tuần trước). Tiếp tục tìm kiếm.
Bỏ qua tin tuyển dụng KHÔNG phải tin mới (Thời gian: Đăng1 tuần trước). Tiếp tục tìm kiếm.
Hoàn thành trích xuất Trang 49. Đã thêm 0 công việc. Tổng số BẢN GHI (đã nhân bản): 2616.
Tạm dừng 5.73 giây trước khi chuyển sang trang tiếp theo.

--- Đang gửi GET Request cho Trang 50 tại URL: https://www.topcv.vn/tim-viec-lam-moi-nhat?sort=new&type_keyword=1&sba=1&page=50 ---
Bỏ qua tin tuyển dụng KHÔNG phải tin mới (Thời gian: Đăng1 tuần trước). Tiếp tục tìm kiếm.
Bỏ qua tin tuyển dụng KHÔNG phải tin mới (Thời gian: Đăng1 tuần trước). Tiếp tục tìm kiếm.
Bỏ qua tin tuyển dụng KHÔNG phải tin mới (Thời gian: Đăng1 tuần trước). Tiếp tục tìm kiếm.
Bỏ qua tin tuyển dụng KHÔNG phải tin mới (Thời gian: Đăng1 tuần trước). Tiếp tục tìm kiếm.
Bỏ qua tin tuyển dụng KHÔNG phải tin mới (Thời gian: Đăng1 tuần trước). Tiếp tục tìm kiếm.
Bỏ qua tin tuyển dụng KHÔNG phải tin mới (Thời gian: Đăng1 tuần trước). Tiếp tục tìm kiếm.
Bỏ qua tin tuyển dụng KHÔNG phải tin mới (Thời gian: Đăng1 tuần trước). Tiếp tục tìm kiếm.
Bỏ qua tin tuyển dụng KHÔNG phải tin mới (Thời gian: Đăng1 tuần trước). Tiếp tục tìm kiếm.
Bỏ qua tin tuyển dụng KHÔNG phải tin mới (Thời gian: Đăng1 tuần trước). Tiếp tục tìm kiếm.
Bỏ qua tin tuyển dụng KHÔNG phải tin mới (Thời gian: Đăng1 tuần trước). Tiếp tục tìm kiếm.
Bỏ qua tin tuyển dụng KHÔNG phải tin mới (Thời gian: Đăng1 tuần trước). Tiếp tục tìm kiếm.
Bỏ qua tin tuyển dụng KHÔNG phải tin mới (Thời gian: Đăng1 tuần trước). Tiếp tục tìm kiếm.
Bỏ qua tin tuyển dụng KHÔNG phải tin mới (Thời gian: Đăng1 tuần trước). Tiếp tục tìm kiếm.
Bỏ qua tin tuyển dụng KHÔNG phải tin mới (Thời gian: Đăng1 tuần trước). Tiếp tục tìm kiếm.
Bỏ qua tin tuyển dụng KHÔNG phải tin mới (Thời gian: Đăng1 tuần trước). Tiếp tục tìm kiếm.
Bỏ qua tin tuyển dụng KHÔNG phải tin mới (Thời gian: Đăng1 tuần trước). Tiếp tục tìm kiếm.
Bỏ qua tin tuyển dụng KHÔNG phải tin mới (Thời gian: Đăng1 tuần trước). Tiếp tục tìm kiếm.
Bỏ qua tin tuyển dụng KHÔNG phải tin mới (Thời gian: Đăng1 tuần trước). Tiếp tục tìm kiếm.
Bỏ qua tin tuyển dụng KHÔNG phải tin mới (Thời gian: Đăng1 tuần trước). Tiếp tục tìm kiếm.
Bỏ qua tin tuyển dụng KHÔNG phải tin mới (Thời gian: Đăng1 tuần trước). Tiếp tục tìm kiếm.
Bỏ qua tin tuyển dụng KHÔNG phải tin mới (Thời gian: Đăng1 tuần trước). Tiếp tục tìm kiếm.
Bỏ qua tin tuyển dụng KHÔNG phải tin mới (Thời gian: Đăng1 tuần trước). Tiếp tục tìm kiếm.
Bỏ qua tin tuyển dụng KHÔNG phải tin mới (Thời gian: Đăng1 tuần trước). Tiếp tục tìm kiếm.
Bỏ qua tin tuyển dụng KHÔNG phải tin mới (Thời gian: Đăng1 tuần trước). Tiếp tục tìm kiếm.
Bỏ qua tin tuyển dụng KHÔNG phải tin mới (Thời gian: Đăng1 tuần trước). Tiếp tục tìm kiếm.
Bỏ qua tin tuyển dụng KHÔNG phải tin mới (Thời gian: Đăng1 tuần trước). Tiếp tục tìm kiếm.
Bỏ qua tin tuyển dụng KHÔNG phải tin mới (Thời gian: Đăng1 tuần trước). Tiếp tục tìm kiếm.
Bỏ qua tin tuyển dụng KHÔNG phải tin mới (Thời gian: Đăng1 tuần trước). Tiếp tục tìm kiếm.
Bỏ qua tin tuyển dụng KHÔNG phải tin mới (Thời gian: Đăng1 tuần trước). Tiếp tục tìm kiếm.
Bỏ qua tin tuyển dụng KHÔNG phải tin mới (Thời gian: Đăng1 tuần trước). Tiếp tục tìm kiếm.
Bỏ qua tin tuyển dụng KHÔNG phải tin mới (Thời gian: Đăng1 tuần trước). Tiếp tục tìm kiếm.
Bỏ qua tin tuyển dụng KHÔNG phải tin mới (Thời gian: Đăng1 tuần trước). Tiếp tục tìm kiếm.
Bỏ qua tin tuyển dụng KHÔNG phải tin mới (Thời gian: Đăng1 tuần trước). Tiếp tục tìm kiếm.
Bỏ qua tin tuyển dụng KHÔNG phải tin mới (Thời gian: Đăng1 tuần trước). Tiếp tục tìm kiếm.
Bỏ qua tin tuyển dụng KHÔNG phải tin mới (Thời gian: Đăng1 tuần trước). Tiếp tục tìm kiếm.
Bỏ qua tin tuyển dụng KHÔNG phải tin mới (Thời gian: Đăng1 tuần trước). Tiếp tục tìm kiếm.
Bỏ qua tin tuyển dụng KHÔNG phải tin mới (Thời gian: Đăng1 tuần trước). Tiếp tục tìm kiếm.
Bỏ qua tin tuyển dụng KHÔNG phải tin mới (Thời gian: Đăng1 tuần trước). Tiếp tục tìm kiếm.
Bỏ qua tin tuyển dụng KHÔNG phải tin mới (Thời gian: Đăng1 tuần trước). Tiếp tục tìm kiếm.
Bỏ qua tin tuyển dụng KHÔNG phải tin mới (Thời gian: Đăng1 tuần trước). Tiếp tục tìm kiếm.
Bỏ qua tin tuyển dụng KHÔNG phải tin mới (Thời gian: Đăng1 tuần trước). Tiếp tục tìm kiếm.
Bỏ qua tin tuyển dụng KHÔNG phải tin mới (Thời gian: Đăng1 tuần trước). Tiếp tục tìm kiếm.
Bỏ qua tin tuyển dụng KHÔNG phải tin mới (Thời gian: Đăng1 tuần trước). Tiếp tục tìm kiếm.
Bỏ qua tin tuyển dụng KHÔNG phải tin mới (Thời gian: Đăng1 tuần trước). Tiếp tục tìm kiếm.
Bỏ qua tin tuyển dụng KHÔNG phải tin mới (Thời gian: Đăng1 tuần trước). Tiếp tục tìm kiếm.
Bỏ qua tin tuyển dụng KHÔNG phải tin mới (Thời gian: Đăng1 tuần trước). Tiếp tục tìm kiếm.
Bỏ qua tin tuyển dụng KHÔNG phải tin mới (Thời gian: Đăng1 tuần trước). Tiếp tục tìm kiếm.
Bỏ qua tin tuyển dụng KHÔNG phải tin mới (Thời gian: Đăng1 tuần trước). Tiếp tục tìm kiếm.
Bỏ qua tin tuyển dụng KHÔNG phải tin mới (Thời gian: Đăng1 tuần trước). Tiếp tục tìm kiếm.
Bỏ qua tin tuyển dụng KHÔNG phải tin mới (Thời gian: Đăng1 tuần trước). Tiếp tục tìm kiếm.
Hoàn thành trích xuất Trang 50. Đã thêm 0 công việc. Tổng số BẢN GHI (đã nhân bản): 2616.
Tạm dừng 8.09 giây trước khi chuyển sang trang tiếp theo.

--- Đang gửi GET Request cho Trang 51 tại URL: https://www.topcv.vn/tim-viec-lam-moi-nhat?sort=new&type_keyword=1&sba=1&page=51 ---
Bỏ qua tin tuyển dụng KHÔNG phải tin mới (Thời gian: Đăng1 tuần trước). Tiếp tục tìm kiếm.
Bỏ qua tin tuyển dụng KHÔNG phải tin mới (Thời gian: Đăng1 tuần trước). Tiếp tục tìm kiếm.
Bỏ qua tin tuyển dụng KHÔNG phải tin mới (Thời gian: Đăng1 tuần trước). Tiếp tục tìm kiếm.
Bỏ qua tin tuyển dụng KHÔNG phải tin mới (Thời gian: Đăng1 tuần trước). Tiếp tục tìm kiếm.
Bỏ qua tin tuyển dụng KHÔNG phải tin mới (Thời gian: Đăng1 tuần trước). Tiếp tục tìm kiếm.
Bỏ qua tin tuyển dụng KHÔNG phải tin mới (Thời gian: Đăng1 tuần trước). Tiếp tục tìm kiếm.
Bỏ qua tin tuyển dụng KHÔNG phải tin mới (Thời gian: Đăng1 tuần trước). Tiếp tục tìm kiếm.
Bỏ qua tin tuyển dụng KHÔNG phải tin mới (Thời gian: Đăng1 tuần trước). Tiếp tục tìm kiếm.
Bỏ qua tin tuyển dụng KHÔNG phải tin mới (Thời gian: Đăng1 tuần trước). Tiếp tục tìm kiếm.
Bỏ qua tin tuyển dụng KHÔNG phải tin mới (Thời gian: Đăng1 tuần trước). Tiếp tục tìm kiếm.
Bỏ qua tin tuyển dụng KHÔNG phải tin mới (Thời gian: Đăng1 tuần trước). Tiếp tục tìm kiếm.
Bỏ qua tin tuyển dụng KHÔNG phải tin mới (Thời gian: Đăng1 tuần trước). Tiếp tục tìm kiếm.
Bỏ qua tin tuyển dụng KHÔNG phải tin mới (Thời gian: Đăng1 tuần trước). Tiếp tục tìm kiếm.
Bỏ qua tin tuyển dụng KHÔNG phải tin mới (Thời gian: Đăng1 tuần trước). Tiếp tục tìm kiếm.
Bỏ qua tin tuyển dụng KHÔNG phải tin mới (Thời gian: Đăng1 tuần trước). Tiếp tục tìm kiếm.
Bỏ qua tin tuyển dụng KHÔNG phải tin mới (Thời gian: Đăng1 tuần trước). Tiếp tục tìm kiếm.
Bỏ qua tin tuyển dụng KHÔNG phải tin mới (Thời gian: Đăng1 tuần trước). Tiếp tục tìm kiếm.
Bỏ qua tin tuyển dụng KHÔNG phải tin mới (Thời gian: Đăng1 tuần trước). Tiếp tục tìm kiếm.
Bỏ qua tin tuyển dụng KHÔNG phải tin mới (Thời gian: Đăng1 tuần trước). Tiếp tục tìm kiếm.
Bỏ qua tin tuyển dụng KHÔNG phải tin mới (Thời gian: Đăng1 tuần trước). Tiếp tục tìm kiếm.
Bỏ qua tin tuyển dụng KHÔNG phải tin mới (Thời gian: Đăng1 tuần trước). Tiếp tục tìm kiếm.
Bỏ qua tin tuyển dụng KHÔNG phải tin mới (Thời gian: Đăng1 tuần trước). Tiếp tục tìm kiếm.
Bỏ qua tin tuyển dụng KHÔNG phải tin mới (Thời gian: Đăng1 tuần trước). Tiếp tục tìm kiếm.
Bỏ qua tin tuyển dụng KHÔNG phải tin mới (Thời gian: Đăng1 tuần trước). Tiếp tục tìm kiếm.
Bỏ qua tin tuyển dụng KHÔNG phải tin mới (Thời gian: Đăng1 tuần trước). Tiếp tục tìm kiếm.
Bỏ qua tin tuyển dụng KHÔNG phải tin mới (Thời gian: Đăng1 tuần trước). Tiếp tục tìm kiếm.
Bỏ qua tin tuyển dụng KHÔNG phải tin mới (Thời gian: Đăng1 tuần trước). Tiếp tục tìm kiếm.
Bỏ qua tin tuyển dụng KHÔNG phải tin mới (Thời gian: Đăng1 tuần trước). Tiếp tục tìm kiếm.
Bỏ qua tin tuyển dụng KHÔNG phải tin mới (Thời gian: Đăng1 tuần trước). Tiếp tục tìm kiếm.
Bỏ qua tin tuyển dụng KHÔNG phải tin mới (Thời gian: Đăng1 tuần trước). Tiếp tục tìm kiếm.
Bỏ qua tin tuyển dụng KHÔNG phải tin mới (Thời gian: Đăng1 tuần trước). Tiếp tục tìm kiếm.
Bỏ qua tin tuyển dụng KHÔNG phải tin mới (Thời gian: Đăng1 tuần trước). Tiếp tục tìm kiếm.
Bỏ qua tin tuyển dụng KHÔNG phải tin mới (Thời gian: Đăng1 tuần trước). Tiếp tục tìm kiếm.
Bỏ qua tin tuyển dụng KHÔNG phải tin mới (Thời gian: Đăng1 tuần trước). Tiếp tục tìm kiếm.
Bỏ qua tin tuyển dụng KHÔNG phải tin mới (Thời gian: Đăng1 tuần trước). Tiếp tục tìm kiếm.
Bỏ qua tin tuyển dụng KHÔNG phải tin mới (Thời gian: Đăng1 tuần trước). Tiếp tục tìm kiếm.
Bỏ qua tin tuyển dụng KHÔNG phải tin mới (Thời gian: Đăng1 tuần trước). Tiếp tục tìm kiếm.
Bỏ qua tin tuyển dụng KHÔNG phải tin mới (Thời gian: Đăng1 tuần trước). Tiếp tục tìm kiếm.
Bỏ qua tin tuyển dụng KHÔNG phải tin mới (Thời gian: Đăng1 tuần trước). Tiếp tục tìm kiếm.
Bỏ qua tin tuyển dụng KHÔNG phải tin mới (Thời gian: Đăng1 tuần trước). Tiếp tục tìm kiếm.
Bỏ qua tin tuyển dụng KHÔNG phải tin mới (Thời gian: Đăng1 tuần trước). Tiếp tục tìm kiếm.
Bỏ qua tin tuyển dụng KHÔNG phải tin mới (Thời gian: Đăng1 tuần trước). Tiếp tục tìm kiếm.
Bỏ qua tin tuyển dụng KHÔNG phải tin mới (Thời gian: Đăng1 tuần trước). Tiếp tục tìm kiếm.
Bỏ qua tin tuyển dụng KHÔNG phải tin mới (Thời gian: Đăng1 tuần trước). Tiếp tục tìm kiếm.
Bỏ qua tin tuyển dụng KHÔNG phải tin mới (Thời gian: Đăng1 tuần trước). Tiếp tục tìm kiếm.
Bỏ qua tin tuyển dụng KHÔNG phải tin mới (Thời gian: Đăng1 tuần trước). Tiếp tục tìm kiếm.
Bỏ qua tin tuyển dụng KHÔNG phải tin mới (Thời gian: Đăng1 tuần trước). Tiếp tục tìm kiếm.
Bỏ qua tin tuyển dụng KHÔNG phải tin mới (Thời gian: Đăng1 tuần trước). Tiếp tục tìm kiếm.
Bỏ qua tin tuyển dụng KHÔNG phải tin mới (Thời gian: Đăng1 tuần trước). Tiếp tục tìm kiếm.
Bỏ qua tin tuyển dụng KHÔNG phải tin mới (Thời gian: Đăng1 tuần trước). Tiếp tục tìm kiếm.
Hoàn thành trích xuất Trang 51. Đã thêm 0 công việc. Tổng số BẢN GHI (đã nhân bản): 2616.
Tạm dừng 10.20 giây trước khi chuyển sang trang tiếp theo.

--- Đang gửi GET Request cho Trang 52 tại URL: https://www.topcv.vn/tim-viec-lam-moi-nhat?sort=new&type_keyword=1&sba=1&page=52 ---
Bỏ qua tin tuyển dụng KHÔNG phải tin mới (Thời gian: Đăng1 tuần trước). Tiếp tục tìm kiếm.
Bỏ qua tin tuyển dụng KHÔNG phải tin mới (Thời gian: Đăng1 tuần trước). Tiếp tục tìm kiếm.
Bỏ qua tin tuyển dụng KHÔNG phải tin mới (Thời gian: Đăng1 tuần trước). Tiếp tục tìm kiếm.
Bỏ qua tin tuyển dụng KHÔNG phải tin mới (Thời gian: Đăng1 tuần trước). Tiếp tục tìm kiếm.
Bỏ qua tin tuyển dụng KHÔNG phải tin mới (Thời gian: Đăng1 tuần trước). Tiếp tục tìm kiếm.
Bỏ qua tin tuyển dụng KHÔNG phải tin mới (Thời gian: Đăng1 tuần trước). Tiếp tục tìm kiếm.
Bỏ qua tin tuyển dụng KHÔNG phải tin mới (Thời gian: Đăng1 tuần trước). Tiếp tục tìm kiếm.
Bỏ qua tin tuyển dụng KHÔNG phải tin mới (Thời gian: Đăng1 tuần trước). Tiếp tục tìm kiếm.
Bỏ qua tin tuyển dụng KHÔNG phải tin mới (Thời gian: Đăng1 tuần trước). Tiếp tục tìm kiếm.
Bỏ qua tin tuyển dụng KHÔNG phải tin mới (Thời gian: Đăng1 tuần trước). Tiếp tục tìm kiếm.
Bỏ qua tin tuyển dụng KHÔNG phải tin mới (Thời gian: Đăng1 tuần trước). Tiếp tục tìm kiếm.
Bỏ qua tin tuyển dụng KHÔNG phải tin mới (Thời gian: Đăng1 tuần trước). Tiếp tục tìm kiếm.
Bỏ qua tin tuyển dụng KHÔNG phải tin mới (Thời gian: Đăng1 tuần trước). Tiếp tục tìm kiếm.
Bỏ qua tin tuyển dụng KHÔNG phải tin mới (Thời gian: Đăng1 tuần trước). Tiếp tục tìm kiếm.
Bỏ qua tin tuyển dụng KHÔNG phải tin mới (Thời gian: Đăng1 tuần trước). Tiếp tục tìm kiếm.
Bỏ qua tin tuyển dụng KHÔNG phải tin mới (Thời gian: Đăng1 tuần trước). Tiếp tục tìm kiếm.
Bỏ qua tin tuyển dụng KHÔNG phải tin mới (Thời gian: Đăng1 tuần trước). Tiếp tục tìm kiếm.
Bỏ qua tin tuyển dụng KHÔNG phải tin mới (Thời gian: Đăng1 tuần trước). Tiếp tục tìm kiếm.
Bỏ qua tin tuyển dụng KHÔNG phải tin mới (Thời gian: Đăng1 tuần trước). Tiếp tục tìm kiếm.
Bỏ qua tin tuyển dụng KHÔNG phải tin mới (Thời gian: Đăng1 tuần trước). Tiếp tục tìm kiếm.
Bỏ qua tin tuyển dụng KHÔNG phải tin mới (Thời gian: Đăng1 tuần trước). Tiếp tục tìm kiếm.
Bỏ qua tin tuyển dụng KHÔNG phải tin mới (Thời gian: Đăng1 tuần trước). Tiếp tục tìm kiếm.
Bỏ qua tin tuyển dụng KHÔNG phải tin mới (Thời gian: Đăng1 tuần trước). Tiếp tục tìm kiếm.
Bỏ qua tin tuyển dụng KHÔNG phải tin mới (Thời gian: Đăng1 tuần trước). Tiếp tục tìm kiếm.
Bỏ qua tin tuyển dụng KHÔNG phải tin mới (Thời gian: Đăng1 tuần trước). Tiếp tục tìm kiếm.
Bỏ qua tin tuyển dụng KHÔNG phải tin mới (Thời gian: Đăng1 tuần trước). Tiếp tục tìm kiếm.
Bỏ qua tin tuyển dụng KHÔNG phải tin mới (Thời gian: Đăng1 tuần trước). Tiếp tục tìm kiếm.
Bỏ qua tin tuyển dụng KHÔNG phải tin mới (Thời gian: Đăng1 tuần trước). Tiếp tục tìm kiếm.
Bỏ qua tin tuyển dụng KHÔNG phải tin mới (Thời gian: Đăng1 tuần trước). Tiếp tục tìm kiếm.
Bỏ qua tin tuyển dụng KHÔNG phải tin mới (Thời gian: Đăng1 tuần trước). Tiếp tục tìm kiếm.
Bỏ qua tin tuyển dụng KHÔNG phải tin mới (Thời gian: Đăng1 tuần trước). Tiếp tục tìm kiếm.
Bỏ qua tin tuyển dụng KHÔNG phải tin mới (Thời gian: Đăng1 tuần trước). Tiếp tục tìm kiếm.
Bỏ qua tin tuyển dụng KHÔNG phải tin mới (Thời gian: Đăng1 tuần trước). Tiếp tục tìm kiếm.
Bỏ qua tin tuyển dụng KHÔNG phải tin mới (Thời gian: Đăng1 tuần trước). Tiếp tục tìm kiếm.
Bỏ qua tin tuyển dụng KHÔNG phải tin mới (Thời gian: Đăng1 tuần trước). Tiếp tục tìm kiếm.
Bỏ qua tin tuyển dụng KHÔNG phải tin mới (Thời gian: Đăng1 tuần trước). Tiếp tục tìm kiếm.
Bỏ qua tin tuyển dụng KHÔNG phải tin mới (Thời gian: Đăng1 tuần trước). Tiếp tục tìm kiếm.
Bỏ qua tin tuyển dụng KHÔNG phải tin mới (Thời gian: Đăng1 tuần trước). Tiếp tục tìm kiếm.
Bỏ qua tin tuyển dụng KHÔNG phải tin mới (Thời gian: Đăng1 tuần trước). Tiếp tục tìm kiếm.
Bỏ qua tin tuyển dụng KHÔNG phải tin mới (Thời gian: Đăng1 tuần trước). Tiếp tục tìm kiếm.
Bỏ qua tin tuyển dụng KHÔNG phải tin mới (Thời gian: Đăng1 tuần trước). Tiếp tục tìm kiếm.
Bỏ qua tin tuyển dụng KHÔNG phải tin mới (Thời gian: Đăng1 tuần trước). Tiếp tục tìm kiếm.
Bỏ qua tin tuyển dụng KHÔNG phải tin mới (Thời gian: Đăng1 tuần trước). Tiếp tục tìm kiếm.
Bỏ qua tin tuyển dụng KHÔNG phải tin mới (Thời gian: Đăng1 tuần trước). Tiếp tục tìm kiếm.
Bỏ qua tin tuyển dụng KHÔNG phải tin mới (Thời gian: Đăng1 tuần trước). Tiếp tục tìm kiếm.
Bỏ qua tin tuyển dụng KHÔNG phải tin mới (Thời gian: Đăng1 tuần trước). Tiếp tục tìm kiếm.
Bỏ qua tin tuyển dụng KHÔNG phải tin mới (Thời gian: Đăng1 tuần trước). Tiếp tục tìm kiếm.
Bỏ qua tin tuyển dụng KHÔNG phải tin mới (Thời gian: Đăng1 tuần trước). Tiếp tục tìm kiếm.
Bỏ qua tin tuyển dụng KHÔNG phải tin mới (Thời gian: Đăng1 tuần trước). Tiếp tục tìm kiếm.
Bỏ qua tin tuyển dụng KHÔNG phải tin mới (Thời gian: Đăng1 tuần trước). Tiếp tục tìm kiếm.
Hoàn thành trích xuất Trang 52. Đã thêm 0 công việc. Tổng số BẢN GHI (đã nhân bản): 2616.
Tạm dừng 8.75 giây trước khi chuyển sang trang tiếp theo.

--- Đang gửi GET Request cho Trang 53 tại URL: https://www.topcv.vn/tim-viec-lam-moi-nhat?sort=new&type_keyword=1&sba=1&page=53 ---
Bỏ qua tin tuyển dụng KHÔNG phải tin mới (Thời gian: Đăng1 tuần trước). Tiếp tục tìm kiếm.
Bỏ qua tin tuyển dụng KHÔNG phải tin mới (Thời gian: Đăng1 tuần trước). Tiếp tục tìm kiếm.
Bỏ qua tin tuyển dụng KHÔNG phải tin mới (Thời gian: Đăng1 tuần trước). Tiếp tục tìm kiếm.
Bỏ qua tin tuyển dụng KHÔNG phải tin mới (Thời gian: Đăng1 tuần trước). Tiếp tục tìm kiếm.
Bỏ qua tin tuyển dụng KHÔNG phải tin mới (Thời gian: Đăng1 tuần trước). Tiếp tục tìm kiếm.
Bỏ qua tin tuyển dụng KHÔNG phải tin mới (Thời gian: Đăng1 tuần trước). Tiếp tục tìm kiếm.
Bỏ qua tin tuyển dụng KHÔNG phải tin mới (Thời gian: Đăng1 tuần trước). Tiếp tục tìm kiếm.
Bỏ qua tin tuyển dụng KHÔNG phải tin mới (Thời gian: Đăng1 tuần trước). Tiếp tục tìm kiếm.
Bỏ qua tin tuyển dụng KHÔNG phải tin mới (Thời gian: Đăng1 tuần trước). Tiếp tục tìm kiếm.
Bỏ qua tin tuyển dụng KHÔNG phải tin mới (Thời gian: Đăng1 tuần trước). Tiếp tục tìm kiếm.
Bỏ qua tin tuyển dụng KHÔNG phải tin mới (Thời gian: Đăng1 tuần trước). Tiếp tục tìm kiếm.
Bỏ qua tin tuyển dụng KHÔNG phải tin mới (Thời gian: Đăng1 tuần trước). Tiếp tục tìm kiếm.
Bỏ qua tin tuyển dụng KHÔNG phải tin mới (Thời gian: Đăng1 tuần trước). Tiếp tục tìm kiếm.
Bỏ qua tin tuyển dụng KHÔNG phải tin mới (Thời gian: Đăng1 tuần trước). Tiếp tục tìm kiếm.
Bỏ qua tin tuyển dụng KHÔNG phải tin mới (Thời gian: Đăng1 tuần trước). Tiếp tục tìm kiếm.
Bỏ qua tin tuyển dụng KHÔNG phải tin mới (Thời gian: Đăng1 tuần trước). Tiếp tục tìm kiếm.
Bỏ qua tin tuyển dụng KHÔNG phải tin mới (Thời gian: Đăng1 tuần trước). Tiếp tục tìm kiếm.
Bỏ qua tin tuyển dụng KHÔNG phải tin mới (Thời gian: Đăng1 tuần trước). Tiếp tục tìm kiếm.
Bỏ qua tin tuyển dụng KHÔNG phải tin mới (Thời gian: Đăng1 tuần trước). Tiếp tục tìm kiếm.
Bỏ qua tin tuyển dụng KHÔNG phải tin mới (Thời gian: Đăng1 tuần trước). Tiếp tục tìm kiếm.
Bỏ qua tin tuyển dụng KHÔNG phải tin mới (Thời gian: Đăng1 tuần trước). Tiếp tục tìm kiếm.
Bỏ qua tin tuyển dụng KHÔNG phải tin mới (Thời gian: Đăng1 tuần trước). Tiếp tục tìm kiếm.
Bỏ qua tin tuyển dụng KHÔNG phải tin mới (Thời gian: Đăng1 tuần trước). Tiếp tục tìm kiếm.
Bỏ qua tin tuyển dụng KHÔNG phải tin mới (Thời gian: Đăng1 tuần trước). Tiếp tục tìm kiếm.
Bỏ qua tin tuyển dụng KHÔNG phải tin mới (Thời gian: Đăng1 tuần trước). Tiếp tục tìm kiếm.
Bỏ qua tin tuyển dụng KHÔNG phải tin mới (Thời gian: Đăng1 tuần trước). Tiếp tục tìm kiếm.
Bỏ qua tin tuyển dụng KHÔNG phải tin mới (Thời gian: Đăng1 tuần trước). Tiếp tục tìm kiếm.
Bỏ qua tin tuyển dụng KHÔNG phải tin mới (Thời gian: Đăng1 tuần trước). Tiếp tục tìm kiếm.
Bỏ qua tin tuyển dụng KHÔNG phải tin mới (Thời gian: Đăng1 tuần trước). Tiếp tục tìm kiếm.
Bỏ qua tin tuyển dụng KHÔNG phải tin mới (Thời gian: Đăng1 tuần trước). Tiếp tục tìm kiếm.
Bỏ qua tin tuyển dụng KHÔNG phải tin mới (Thời gian: Đăng1 tuần trước). Tiếp tục tìm kiếm.
Bỏ qua tin tuyển dụng KHÔNG phải tin mới (Thời gian: Đăng1 tuần trước). Tiếp tục tìm kiếm.
Bỏ qua tin tuyển dụng KHÔNG phải tin mới (Thời gian: Đăng1 tuần trước). Tiếp tục tìm kiếm.
Bỏ qua tin tuyển dụng KHÔNG phải tin mới (Thời gian: Đăng1 tuần trước). Tiếp tục tìm kiếm.
Bỏ qua tin tuyển dụng KHÔNG phải tin mới (Thời gian: Đăng1 tuần trước). Tiếp tục tìm kiếm.
Bỏ qua tin tuyển dụng KHÔNG phải tin mới (Thời gian: Đăng1 tuần trước). Tiếp tục tìm kiếm.
Bỏ qua tin tuyển dụng KHÔNG phải tin mới (Thời gian: Đăng3 tuần trước). Tiếp tục tìm kiếm.
Bỏ qua tin tuyển dụng KHÔNG phải tin mới (Thời gian: Đăng1 tuần trước). Tiếp tục tìm kiếm.
Bỏ qua tin tuyển dụng KHÔNG phải tin mới (Thời gian: Đăng1 tuần trước). Tiếp tục tìm kiếm.
Bỏ qua tin tuyển dụng KHÔNG phải tin mới (Thời gian: Đăng1 tuần trước). Tiếp tục tìm kiếm.
Bỏ qua tin tuyển dụng KHÔNG phải tin mới (Thời gian: Đăng1 tuần trước). Tiếp tục tìm kiếm.
Bỏ qua tin tuyển dụng KHÔNG phải tin mới (Thời gian: Đăng1 tuần trước). Tiếp tục tìm kiếm.
Bỏ qua tin tuyển dụng KHÔNG phải tin mới (Thời gian: Đăng1 tuần trước). Tiếp tục tìm kiếm.
Bỏ qua tin tuyển dụng KHÔNG phải tin mới (Thời gian: Đăng1 tuần trước). Tiếp tục tìm kiếm.
Bỏ qua tin tuyển dụng KHÔNG phải tin mới (Thời gian: Đăng1 tuần trước). Tiếp tục tìm kiếm.
Bỏ qua tin tuyển dụng KHÔNG phải tin mới (Thời gian: Đăng1 tuần trước). Tiếp tục tìm kiếm.
Bỏ qua tin tuyển dụng KHÔNG phải tin mới (Thời gian: Đăng1 tuần trước). Tiếp tục tìm kiếm.
Bỏ qua tin tuyển dụng KHÔNG phải tin mới (Thời gian: Đăng1 tuần trước). Tiếp tục tìm kiếm.
Bỏ qua tin tuyển dụng KHÔNG phải tin mới (Thời gian: Đăng1 tuần trước). Tiếp tục tìm kiếm.
Bỏ qua tin tuyển dụng KHÔNG phải tin mới (Thời gian: Đăng1 tuần trước). Tiếp tục tìm kiếm.
Hoàn thành trích xuất Trang 53. Đã thêm 0 công việc. Tổng số BẢN GHI (đã nhân bản): 2616.
Tạm dừng 7.81 giây trước khi chuyển sang trang tiếp theo.

--- Đang gửi GET Request cho Trang 54 tại URL: https://www.topcv.vn/tim-viec-lam-moi-nhat?sort=new&type_keyword=1&sba=1&page=54 ---
Bỏ qua tin tuyển dụng KHÔNG phải tin mới (Thời gian: Đăng1 tuần trước). Tiếp tục tìm kiếm.
Bỏ qua tin tuyển dụng KHÔNG phải tin mới (Thời gian: Đăng1 tuần trước). Tiếp tục tìm kiếm.
Bỏ qua tin tuyển dụng KHÔNG phải tin mới (Thời gian: Đăng1 tuần trước). Tiếp tục tìm kiếm.
Bỏ qua tin tuyển dụng KHÔNG phải tin mới (Thời gian: Đăng1 tuần trước). Tiếp tục tìm kiếm.
Bỏ qua tin tuyển dụng KHÔNG phải tin mới (Thời gian: Đăng1 tuần trước). Tiếp tục tìm kiếm.
Bỏ qua tin tuyển dụng KHÔNG phải tin mới (Thời gian: Đăng1 tuần trước). Tiếp tục tìm kiếm.
Bỏ qua tin tuyển dụng KHÔNG phải tin mới (Thời gian: Đăng1 tuần trước). Tiếp tục tìm kiếm.
Bỏ qua tin tuyển dụng KHÔNG phải tin mới (Thời gian: Đăng1 tuần trước). Tiếp tục tìm kiếm.
Bỏ qua tin tuyển dụng KHÔNG phải tin mới (Thời gian: Đăng1 tuần trước). Tiếp tục tìm kiếm.
Bỏ qua tin tuyển dụng KHÔNG phải tin mới (Thời gian: Đăng1 tuần trước). Tiếp tục tìm kiếm.
Bỏ qua tin tuyển dụng KHÔNG phải tin mới (Thời gian: Đăng1 tuần trước). Tiếp tục tìm kiếm.
Bỏ qua tin tuyển dụng KHÔNG phải tin mới (Thời gian: Đăng1 tuần trước). Tiếp tục tìm kiếm.
Bỏ qua tin tuyển dụng KHÔNG phải tin mới (Thời gian: Đăng1 tuần trước). Tiếp tục tìm kiếm.
Bỏ qua tin tuyển dụng KHÔNG phải tin mới (Thời gian: Đăng1 tuần trước). Tiếp tục tìm kiếm.
Bỏ qua tin tuyển dụng KHÔNG phải tin mới (Thời gian: Đăng1 tuần trước). Tiếp tục tìm kiếm.
Bỏ qua tin tuyển dụng KHÔNG phải tin mới (Thời gian: Đăng1 tuần trước). Tiếp tục tìm kiếm.
Bỏ qua tin tuyển dụng KHÔNG phải tin mới (Thời gian: Đăng1 tuần trước). Tiếp tục tìm kiếm.
Bỏ qua tin tuyển dụng KHÔNG phải tin mới (Thời gian: Đăng1 tuần trước). Tiếp tục tìm kiếm.
Bỏ qua tin tuyển dụng KHÔNG phải tin mới (Thời gian: Đăng1 tuần trước). Tiếp tục tìm kiếm.
Bỏ qua tin tuyển dụng KHÔNG phải tin mới (Thời gian: Đăng1 tuần trước). Tiếp tục tìm kiếm.
Bỏ qua tin tuyển dụng KHÔNG phải tin mới (Thời gian: Đăng1 tuần trước). Tiếp tục tìm kiếm.
Bỏ qua tin tuyển dụng KHÔNG phải tin mới (Thời gian: Đăng1 tuần trước). Tiếp tục tìm kiếm.
Bỏ qua tin tuyển dụng KHÔNG phải tin mới (Thời gian: Đăng1 tuần trước). Tiếp tục tìm kiếm.
Bỏ qua tin tuyển dụng KHÔNG phải tin mới (Thời gian: Đăng1 tuần trước). Tiếp tục tìm kiếm.
Bỏ qua tin tuyển dụng KHÔNG phải tin mới (Thời gian: Đăng1 tuần trước). Tiếp tục tìm kiếm.
Bỏ qua tin tuyển dụng KHÔNG phải tin mới (Thời gian: Đăng1 tuần trước). Tiếp tục tìm kiếm.
Bỏ qua tin tuyển dụng KHÔNG phải tin mới (Thời gian: Đăng1 tuần trước). Tiếp tục tìm kiếm.
Bỏ qua tin tuyển dụng KHÔNG phải tin mới (Thời gian: Đăng1 tuần trước). Tiếp tục tìm kiếm.
Bỏ qua tin tuyển dụng KHÔNG phải tin mới (Thời gian: Đăng1 tuần trước). Tiếp tục tìm kiếm.
Bỏ qua tin tuyển dụng KHÔNG phải tin mới (Thời gian: Đăng1 tuần trước). Tiếp tục tìm kiếm.
Bỏ qua tin tuyển dụng KHÔNG phải tin mới (Thời gian: Đăng1 tuần trước). Tiếp tục tìm kiếm.
Bỏ qua tin tuyển dụng KHÔNG phải tin mới (Thời gian: Đăng1 tuần trước). Tiếp tục tìm kiếm.
Bỏ qua tin tuyển dụng KHÔNG phải tin mới (Thời gian: Đăng1 tuần trước). Tiếp tục tìm kiếm.
Bỏ qua tin tuyển dụng KHÔNG phải tin mới (Thời gian: Đăng1 tuần trước). Tiếp tục tìm kiếm.
Bỏ qua tin tuyển dụng KHÔNG phải tin mới (Thời gian: Đăng1 tuần trước). Tiếp tục tìm kiếm.
Bỏ qua tin tuyển dụng KHÔNG phải tin mới (Thời gian: Đăng1 tuần trước). Tiếp tục tìm kiếm.
Bỏ qua tin tuyển dụng KHÔNG phải tin mới (Thời gian: Đăng1 tuần trước). Tiếp tục tìm kiếm.
Bỏ qua tin tuyển dụng KHÔNG phải tin mới (Thời gian: Đăng1 tuần trước). Tiếp tục tìm kiếm.
Bỏ qua tin tuyển dụng KHÔNG phải tin mới (Thời gian: Đăng1 tuần trước). Tiếp tục tìm kiếm.
Bỏ qua tin tuyển dụng KHÔNG phải tin mới (Thời gian: Đăng1 tuần trước). Tiếp tục tìm kiếm.
Bỏ qua tin tuyển dụng KHÔNG phải tin mới (Thời gian: Đăng1 tuần trước). Tiếp tục tìm kiếm.
Bỏ qua tin tuyển dụng KHÔNG phải tin mới (Thời gian: Đăng1 tuần trước). Tiếp tục tìm kiếm.
Bỏ qua tin tuyển dụng KHÔNG phải tin mới (Thời gian: Đăng1 tuần trước). Tiếp tục tìm kiếm.
Bỏ qua tin tuyển dụng KHÔNG phải tin mới (Thời gian: Đăng1 tuần trước). Tiếp tục tìm kiếm.
Bỏ qua tin tuyển dụng KHÔNG phải tin mới (Thời gian: Đăng1 tuần trước). Tiếp tục tìm kiếm.
Bỏ qua tin tuyển dụng KHÔNG phải tin mới (Thời gian: Đăng1 tuần trước). Tiếp tục tìm kiếm.
Bỏ qua tin tuyển dụng KHÔNG phải tin mới (Thời gian: Đăng1 tuần trước). Tiếp tục tìm kiếm.
Bỏ qua tin tuyển dụng KHÔNG phải tin mới (Thời gian: Đăng1 tuần trước). Tiếp tục tìm kiếm.
Bỏ qua tin tuyển dụng KHÔNG phải tin mới (Thời gian: Đăng1 tuần trước). Tiếp tục tìm kiếm.
Bỏ qua tin tuyển dụng KHÔNG phải tin mới (Thời gian: Đăng1 tuần trước). Tiếp tục tìm kiếm.
Hoàn thành trích xuất Trang 54. Đã thêm 0 công việc. Tổng số BẢN GHI (đã nhân bản): 2616.
Tạm dừng 7.64 giây trước khi chuyển sang trang tiếp theo.

--- Đang gửi GET Request cho Trang 55 tại URL: https://www.topcv.vn/tim-viec-lam-moi-nhat?sort=new&type_keyword=1&sba=1&page=55 ---
Bỏ qua tin tuyển dụng KHÔNG phải tin mới (Thời gian: Đăng1 tuần trước). Tiếp tục tìm kiếm.
Bỏ qua tin tuyển dụng KHÔNG phải tin mới (Thời gian: Đăng1 tuần trước). Tiếp tục tìm kiếm.
Bỏ qua tin tuyển dụng KHÔNG phải tin mới (Thời gian: Đăng1 tuần trước). Tiếp tục tìm kiếm.
Bỏ qua tin tuyển dụng KHÔNG phải tin mới (Thời gian: Đăng1 tuần trước). Tiếp tục tìm kiếm.
Bỏ qua tin tuyển dụng KHÔNG phải tin mới (Thời gian: Đăng1 tuần trước). Tiếp tục tìm kiếm.
Bỏ qua tin tuyển dụng KHÔNG phải tin mới (Thời gian: Đăng1 tuần trước). Tiếp tục tìm kiếm.
Bỏ qua tin tuyển dụng KHÔNG phải tin mới (Thời gian: Đăng1 tuần trước). Tiếp tục tìm kiếm.
Bỏ qua tin tuyển dụng KHÔNG phải tin mới (Thời gian: Đăng1 tuần trước). Tiếp tục tìm kiếm.
Bỏ qua tin tuyển dụng KHÔNG phải tin mới (Thời gian: Đăng1 tuần trước). Tiếp tục tìm kiếm.
Bỏ qua tin tuyển dụng KHÔNG phải tin mới (Thời gian: Đăng1 tuần trước). Tiếp tục tìm kiếm.
Bỏ qua tin tuyển dụng KHÔNG phải tin mới (Thời gian: Đăng1 tuần trước). Tiếp tục tìm kiếm.
Bỏ qua tin tuyển dụng KHÔNG phải tin mới (Thời gian: Đăng1 tuần trước). Tiếp tục tìm kiếm.
Bỏ qua tin tuyển dụng KHÔNG phải tin mới (Thời gian: Đăng1 tuần trước). Tiếp tục tìm kiếm.
Bỏ qua tin tuyển dụng KHÔNG phải tin mới (Thời gian: Đăng1 tuần trước). Tiếp tục tìm kiếm.
Bỏ qua tin tuyển dụng KHÔNG phải tin mới (Thời gian: Đăng1 tuần trước). Tiếp tục tìm kiếm.
Bỏ qua tin tuyển dụng KHÔNG phải tin mới (Thời gian: Đăng1 tuần trước). Tiếp tục tìm kiếm.
Bỏ qua tin tuyển dụng KHÔNG phải tin mới (Thời gian: Đăng1 tuần trước). Tiếp tục tìm kiếm.
Bỏ qua tin tuyển dụng KHÔNG phải tin mới (Thời gian: Đăng1 tuần trước). Tiếp tục tìm kiếm.
Bỏ qua tin tuyển dụng KHÔNG phải tin mới (Thời gian: Đăng1 tuần trước). Tiếp tục tìm kiếm.
Bỏ qua tin tuyển dụng KHÔNG phải tin mới (Thời gian: Đăng1 tuần trước). Tiếp tục tìm kiếm.
Bỏ qua tin tuyển dụng KHÔNG phải tin mới (Thời gian: Đăng1 tuần trước). Tiếp tục tìm kiếm.
Bỏ qua tin tuyển dụng KHÔNG phải tin mới (Thời gian: Đăng1 tuần trước). Tiếp tục tìm kiếm.
Bỏ qua tin tuyển dụng KHÔNG phải tin mới (Thời gian: Đăng1 tuần trước). Tiếp tục tìm kiếm.
Bỏ qua tin tuyển dụng KHÔNG phải tin mới (Thời gian: Đăng1 tuần trước). Tiếp tục tìm kiếm.
Bỏ qua tin tuyển dụng KHÔNG phải tin mới (Thời gian: Đăng1 tuần trước). Tiếp tục tìm kiếm.
Bỏ qua tin tuyển dụng KHÔNG phải tin mới (Thời gian: Đăng1 tuần trước). Tiếp tục tìm kiếm.
Bỏ qua tin tuyển dụng KHÔNG phải tin mới (Thời gian: Đăng1 tuần trước). Tiếp tục tìm kiếm.
Bỏ qua tin tuyển dụng KHÔNG phải tin mới (Thời gian: Đăng1 tuần trước). Tiếp tục tìm kiếm.
Bỏ qua tin tuyển dụng KHÔNG phải tin mới (Thời gian: Đăng1 tuần trước). Tiếp tục tìm kiếm.
Bỏ qua tin tuyển dụng KHÔNG phải tin mới (Thời gian: Đăng1 tuần trước). Tiếp tục tìm kiếm.
Bỏ qua tin tuyển dụng KHÔNG phải tin mới (Thời gian: Đăng1 tuần trước). Tiếp tục tìm kiếm.
Bỏ qua tin tuyển dụng KHÔNG phải tin mới (Thời gian: Đăng1 tuần trước). Tiếp tục tìm kiếm.
Bỏ qua tin tuyển dụng KHÔNG phải tin mới (Thời gian: Đăng1 tuần trước). Tiếp tục tìm kiếm.
Bỏ qua tin tuyển dụng KHÔNG phải tin mới (Thời gian: Đăng1 tuần trước). Tiếp tục tìm kiếm.
Bỏ qua tin tuyển dụng KHÔNG phải tin mới (Thời gian: Đăng1 tuần trước). Tiếp tục tìm kiếm.
Bỏ qua tin tuyển dụng KHÔNG phải tin mới (Thời gian: Đăng1 tuần trước). Tiếp tục tìm kiếm.
Bỏ qua tin tuyển dụng KHÔNG phải tin mới (Thời gian: Đăng1 tuần trước). Tiếp tục tìm kiếm.
Bỏ qua tin tuyển dụng KHÔNG phải tin mới (Thời gian: Đăng1 tuần trước). Tiếp tục tìm kiếm.
Bỏ qua tin tuyển dụng KHÔNG phải tin mới (Thời gian: Đăng1 tuần trước). Tiếp tục tìm kiếm.
Bỏ qua tin tuyển dụng KHÔNG phải tin mới (Thời gian: Đăng1 tuần trước). Tiếp tục tìm kiếm.
Bỏ qua tin tuyển dụng KHÔNG phải tin mới (Thời gian: Đăng1 tuần trước). Tiếp tục tìm kiếm.
Bỏ qua tin tuyển dụng KHÔNG phải tin mới (Thời gian: Đăng1 tuần trước). Tiếp tục tìm kiếm.
Bỏ qua tin tuyển dụng KHÔNG phải tin mới (Thời gian: Đăng1 tuần trước). Tiếp tục tìm kiếm.
Bỏ qua tin tuyển dụng KHÔNG phải tin mới (Thời gian: Đăng1 tuần trước). Tiếp tục tìm kiếm.
Bỏ qua tin tuyển dụng KHÔNG phải tin mới (Thời gian: Đăng1 tuần trước). Tiếp tục tìm kiếm.
Bỏ qua tin tuyển dụng KHÔNG phải tin mới (Thời gian: Đăng1 tuần trước). Tiếp tục tìm kiếm.
Bỏ qua tin tuyển dụng KHÔNG phải tin mới (Thời gian: Đăng1 tuần trước). Tiếp tục tìm kiếm.
Bỏ qua tin tuyển dụng KHÔNG phải tin mới (Thời gian: Đăng1 tuần trước). Tiếp tục tìm kiếm.
Bỏ qua tin tuyển dụng KHÔNG phải tin mới (Thời gian: Đăng1 tuần trước). Tiếp tục tìm kiếm.
Bỏ qua tin tuyển dụng KHÔNG phải tin mới (Thời gian: Đăng1 tuần trước). Tiếp tục tìm kiếm.
Hoàn thành trích xuất Trang 55. Đã thêm 0 công việc. Tổng số BẢN GHI (đã nhân bản): 2616.
Tạm dừng 7.09 giây trước khi chuyển sang trang tiếp theo.

--- Đang gửi GET Request cho Trang 56 tại URL: https://www.topcv.vn/tim-viec-lam-moi-nhat?sort=new&type_keyword=1&sba=1&page=56 ---
Bỏ qua tin tuyển dụng KHÔNG phải tin mới (Thời gian: Đăng1 tuần trước). Tiếp tục tìm kiếm.
Bỏ qua tin tuyển dụng KHÔNG phải tin mới (Thời gian: Đăng1 tuần trước). Tiếp tục tìm kiếm.
Bỏ qua tin tuyển dụng KHÔNG phải tin mới (Thời gian: Đăng1 tuần trước). Tiếp tục tìm kiếm.
Bỏ qua tin tuyển dụng KHÔNG phải tin mới (Thời gian: Đăng1 tuần trước). Tiếp tục tìm kiếm.
Bỏ qua tin tuyển dụng KHÔNG phải tin mới (Thời gian: Đăng1 tuần trước). Tiếp tục tìm kiếm.
Bỏ qua tin tuyển dụng KHÔNG phải tin mới (Thời gian: Đăng1 tuần trước). Tiếp tục tìm kiếm.
Bỏ qua tin tuyển dụng KHÔNG phải tin mới (Thời gian: Đăng1 tuần trước). Tiếp tục tìm kiếm.
Bỏ qua tin tuyển dụng KHÔNG phải tin mới (Thời gian: Đăng1 tuần trước). Tiếp tục tìm kiếm.
Bỏ qua tin tuyển dụng KHÔNG phải tin mới (Thời gian: Đăng1 tuần trước). Tiếp tục tìm kiếm.
Bỏ qua tin tuyển dụng KHÔNG phải tin mới (Thời gian: Đăng1 tuần trước). Tiếp tục tìm kiếm.
Bỏ qua tin tuyển dụng KHÔNG phải tin mới (Thời gian: Đăng1 tuần trước). Tiếp tục tìm kiếm.
Bỏ qua tin tuyển dụng KHÔNG phải tin mới (Thời gian: Đăng1 tuần trước). Tiếp tục tìm kiếm.
Bỏ qua tin tuyển dụng KHÔNG phải tin mới (Thời gian: Đăng1 tuần trước). Tiếp tục tìm kiếm.
Bỏ qua tin tuyển dụng KHÔNG phải tin mới (Thời gian: Đăng1 tuần trước). Tiếp tục tìm kiếm.
Bỏ qua tin tuyển dụng KHÔNG phải tin mới (Thời gian: Đăng1 tuần trước). Tiếp tục tìm kiếm.
Bỏ qua tin tuyển dụng KHÔNG phải tin mới (Thời gian: Đăng1 tuần trước). Tiếp tục tìm kiếm.
Bỏ qua tin tuyển dụng KHÔNG phải tin mới (Thời gian: Đăng1 tuần trước). Tiếp tục tìm kiếm.
Bỏ qua tin tuyển dụng KHÔNG phải tin mới (Thời gian: Đăng1 tuần trước). Tiếp tục tìm kiếm.
Bỏ qua tin tuyển dụng KHÔNG phải tin mới (Thời gian: Đăng1 tuần trước). Tiếp tục tìm kiếm.
Bỏ qua tin tuyển dụng KHÔNG phải tin mới (Thời gian: Đăng1 tuần trước). Tiếp tục tìm kiếm.
Bỏ qua tin tuyển dụng KHÔNG phải tin mới (Thời gian: Đăng1 tuần trước). Tiếp tục tìm kiếm.
Bỏ qua tin tuyển dụng KHÔNG phải tin mới (Thời gian: Đăng1 tuần trước). Tiếp tục tìm kiếm.
Bỏ qua tin tuyển dụng KHÔNG phải tin mới (Thời gian: Đăng1 tuần trước). Tiếp tục tìm kiếm.
Bỏ qua tin tuyển dụng KHÔNG phải tin mới (Thời gian: Đăng1 tuần trước). Tiếp tục tìm kiếm.
Bỏ qua tin tuyển dụng KHÔNG phải tin mới (Thời gian: Đăng1 tuần trước). Tiếp tục tìm kiếm.
Bỏ qua tin tuyển dụng KHÔNG phải tin mới (Thời gian: Đăng1 tuần trước). Tiếp tục tìm kiếm.
Bỏ qua tin tuyển dụng KHÔNG phải tin mới (Thời gian: Đăng1 tuần trước). Tiếp tục tìm kiếm.
Bỏ qua tin tuyển dụng KHÔNG phải tin mới (Thời gian: Đăng1 tuần trước). Tiếp tục tìm kiếm.
Bỏ qua tin tuyển dụng KHÔNG phải tin mới (Thời gian: Đăng1 tuần trước). Tiếp tục tìm kiếm.
Bỏ qua tin tuyển dụng KHÔNG phải tin mới (Thời gian: Đăng1 tuần trước). Tiếp tục tìm kiếm.
Bỏ qua tin tuyển dụng KHÔNG phải tin mới (Thời gian: Đăng1 tuần trước). Tiếp tục tìm kiếm.
Bỏ qua tin tuyển dụng KHÔNG phải tin mới (Thời gian: Đăng1 tuần trước). Tiếp tục tìm kiếm.
Bỏ qua tin tuyển dụng KHÔNG phải tin mới (Thời gian: Đăng1 tuần trước). Tiếp tục tìm kiếm.
Bỏ qua tin tuyển dụng KHÔNG phải tin mới (Thời gian: Đăng1 tuần trước). Tiếp tục tìm kiếm.
Bỏ qua tin tuyển dụng KHÔNG phải tin mới (Thời gian: Đăng1 tuần trước). Tiếp tục tìm kiếm.
Bỏ qua tin tuyển dụng KHÔNG phải tin mới (Thời gian: Đăng1 tuần trước). Tiếp tục tìm kiếm.
Bỏ qua tin tuyển dụng KHÔNG phải tin mới (Thời gian: Đăng1 tuần trước). Tiếp tục tìm kiếm.
Bỏ qua tin tuyển dụng KHÔNG phải tin mới (Thời gian: Đăng1 tuần trước). Tiếp tục tìm kiếm.
Bỏ qua tin tuyển dụng KHÔNG phải tin mới (Thời gian: Đăng1 tuần trước). Tiếp tục tìm kiếm.
Bỏ qua tin tuyển dụng KHÔNG phải tin mới (Thời gian: Đăng1 tuần trước). Tiếp tục tìm kiếm.
Bỏ qua tin tuyển dụng KHÔNG phải tin mới (Thời gian: Đăng1 tuần trước). Tiếp tục tìm kiếm.
Bỏ qua tin tuyển dụng KHÔNG phải tin mới (Thời gian: Đăng1 tuần trước). Tiếp tục tìm kiếm.
Bỏ qua tin tuyển dụng KHÔNG phải tin mới (Thời gian: Đăng1 tuần trước). Tiếp tục tìm kiếm.
Bỏ qua tin tuyển dụng KHÔNG phải tin mới (Thời gian: Đăng1 tuần trước). Tiếp tục tìm kiếm.
Bỏ qua tin tuyển dụng KHÔNG phải tin mới (Thời gian: Đăng1 tuần trước). Tiếp tục tìm kiếm.
Bỏ qua tin tuyển dụng KHÔNG phải tin mới (Thời gian: Đăng1 tuần trước). Tiếp tục tìm kiếm.
Bỏ qua tin tuyển dụng KHÔNG phải tin mới (Thời gian: Đăng1 tuần trước). Tiếp tục tìm kiếm.
Bỏ qua tin tuyển dụng KHÔNG phải tin mới (Thời gian: Đăng1 tuần trước). Tiếp tục tìm kiếm.
Bỏ qua tin tuyển dụng KHÔNG phải tin mới (Thời gian: Đăng1 tuần trước). Tiếp tục tìm kiếm.
Bỏ qua tin tuyển dụng KHÔNG phải tin mới (Thời gian: Đăng1 tuần trước). Tiếp tục tìm kiếm.
Hoàn thành trích xuất Trang 56. Đã thêm 0 công việc. Tổng số BẢN GHI (đã nhân bản): 2616.
Tạm dừng 10.70 giây trước khi chuyển sang trang tiếp theo.

--- Đang gửi GET Request cho Trang 57 tại URL: https://www.topcv.vn/tim-viec-lam-moi-nhat?sort=new&type_keyword=1&sba=1&page=57 ---
Bỏ qua tin tuyển dụng KHÔNG phải tin mới (Thời gian: Đăng1 tuần trước). Tiếp tục tìm kiếm.
Bỏ qua tin tuyển dụng KHÔNG phải tin mới (Thời gian: Đăng1 tuần trước). Tiếp tục tìm kiếm.
Bỏ qua tin tuyển dụng KHÔNG phải tin mới (Thời gian: Đăng1 tuần trước). Tiếp tục tìm kiếm.
Bỏ qua tin tuyển dụng KHÔNG phải tin mới (Thời gian: Đăng1 tuần trước). Tiếp tục tìm kiếm.
Bỏ qua tin tuyển dụng KHÔNG phải tin mới (Thời gian: Đăng1 tuần trước). Tiếp tục tìm kiếm.
Bỏ qua tin tuyển dụng KHÔNG phải tin mới (Thời gian: Đăng1 tuần trước). Tiếp tục tìm kiếm.
Bỏ qua tin tuyển dụng KHÔNG phải tin mới (Thời gian: Đăng1 tuần trước). Tiếp tục tìm kiếm.
Bỏ qua tin tuyển dụng KHÔNG phải tin mới (Thời gian: Đăng1 tuần trước). Tiếp tục tìm kiếm.
Bỏ qua tin tuyển dụng KHÔNG phải tin mới (Thời gian: Đăng1 tuần trước). Tiếp tục tìm kiếm.
Bỏ qua tin tuyển dụng KHÔNG phải tin mới (Thời gian: Đăng1 tuần trước). Tiếp tục tìm kiếm.
Bỏ qua tin tuyển dụng KHÔNG phải tin mới (Thời gian: Đăng1 tuần trước). Tiếp tục tìm kiếm.
Bỏ qua tin tuyển dụng KHÔNG phải tin mới (Thời gian: Đăng1 tuần trước). Tiếp tục tìm kiếm.
Bỏ qua tin tuyển dụng KHÔNG phải tin mới (Thời gian: Đăng1 tuần trước). Tiếp tục tìm kiếm.
Bỏ qua tin tuyển dụng KHÔNG phải tin mới (Thời gian: Đăng1 tuần trước). Tiếp tục tìm kiếm.
Bỏ qua tin tuyển dụng KHÔNG phải tin mới (Thời gian: Đăng1 tuần trước). Tiếp tục tìm kiếm.
Bỏ qua tin tuyển dụng KHÔNG phải tin mới (Thời gian: Đăng1 tuần trước). Tiếp tục tìm kiếm.
Bỏ qua tin tuyển dụng KHÔNG phải tin mới (Thời gian: Đăng1 tuần trước). Tiếp tục tìm kiếm.
Bỏ qua tin tuyển dụng KHÔNG phải tin mới (Thời gian: Đăng1 tuần trước). Tiếp tục tìm kiếm.
Bỏ qua tin tuyển dụng KHÔNG phải tin mới (Thời gian: Đăng1 tuần trước). Tiếp tục tìm kiếm.
Bỏ qua tin tuyển dụng KHÔNG phải tin mới (Thời gian: Đăng1 tuần trước). Tiếp tục tìm kiếm.
Bỏ qua tin tuyển dụng KHÔNG phải tin mới (Thời gian: Đăng1 tuần trước). Tiếp tục tìm kiếm.
Bỏ qua tin tuyển dụng KHÔNG phải tin mới (Thời gian: Đăng1 tuần trước). Tiếp tục tìm kiếm.
Bỏ qua tin tuyển dụng KHÔNG phải tin mới (Thời gian: Đăng1 tuần trước). Tiếp tục tìm kiếm.
Bỏ qua tin tuyển dụng KHÔNG phải tin mới (Thời gian: Đăng1 tuần trước). Tiếp tục tìm kiếm.
Bỏ qua tin tuyển dụng KHÔNG phải tin mới (Thời gian: Đăng1 tuần trước). Tiếp tục tìm kiếm.
Bỏ qua tin tuyển dụng KHÔNG phải tin mới (Thời gian: Đăng1 tuần trước). Tiếp tục tìm kiếm.
Bỏ qua tin tuyển dụng KHÔNG phải tin mới (Thời gian: Đăng1 tuần trước). Tiếp tục tìm kiếm.
Bỏ qua tin tuyển dụng KHÔNG phải tin mới (Thời gian: Đăng1 tuần trước). Tiếp tục tìm kiếm.
Bỏ qua tin tuyển dụng KHÔNG phải tin mới (Thời gian: Đăng1 tuần trước). Tiếp tục tìm kiếm.
Bỏ qua tin tuyển dụng KHÔNG phải tin mới (Thời gian: Đăng1 tuần trước). Tiếp tục tìm kiếm.
Bỏ qua tin tuyển dụng KHÔNG phải tin mới (Thời gian: Đăng1 tuần trước). Tiếp tục tìm kiếm.
Bỏ qua tin tuyển dụng KHÔNG phải tin mới (Thời gian: Đăng1 tuần trước). Tiếp tục tìm kiếm.
Bỏ qua tin tuyển dụng KHÔNG phải tin mới (Thời gian: Đăng1 tuần trước). Tiếp tục tìm kiếm.
Bỏ qua tin tuyển dụng KHÔNG phải tin mới (Thời gian: Đăng1 tuần trước). Tiếp tục tìm kiếm.
Bỏ qua tin tuyển dụng KHÔNG phải tin mới (Thời gian: Đăng1 tuần trước). Tiếp tục tìm kiếm.
Bỏ qua tin tuyển dụng KHÔNG phải tin mới (Thời gian: Đăng1 tuần trước). Tiếp tục tìm kiếm.
Bỏ qua tin tuyển dụng KHÔNG phải tin mới (Thời gian: Đăng1 tuần trước). Tiếp tục tìm kiếm.
Bỏ qua tin tuyển dụng KHÔNG phải tin mới (Thời gian: Đăng1 tuần trước). Tiếp tục tìm kiếm.
Bỏ qua tin tuyển dụng KHÔNG phải tin mới (Thời gian: Đăng1 tuần trước). Tiếp tục tìm kiếm.
Bỏ qua tin tuyển dụng KHÔNG phải tin mới (Thời gian: Đăng1 tuần trước). Tiếp tục tìm kiếm.
Bỏ qua tin tuyển dụng KHÔNG phải tin mới (Thời gian: Đăng1 tuần trước). Tiếp tục tìm kiếm.
Bỏ qua tin tuyển dụng KHÔNG phải tin mới (Thời gian: Đăng1 tuần trước). Tiếp tục tìm kiếm.
Bỏ qua tin tuyển dụng KHÔNG phải tin mới (Thời gian: Đăng1 tuần trước). Tiếp tục tìm kiếm.
Bỏ qua tin tuyển dụng KHÔNG phải tin mới (Thời gian: Đăng1 tuần trước). Tiếp tục tìm kiếm.
Bỏ qua tin tuyển dụng KHÔNG phải tin mới (Thời gian: Đăng1 tuần trước). Tiếp tục tìm kiếm.
Bỏ qua tin tuyển dụng KHÔNG phải tin mới (Thời gian: Đăng1 tuần trước). Tiếp tục tìm kiếm.
Bỏ qua tin tuyển dụng KHÔNG phải tin mới (Thời gian: Đăng1 tuần trước). Tiếp tục tìm kiếm.
Bỏ qua tin tuyển dụng KHÔNG phải tin mới (Thời gian: Đăng1 tuần trước). Tiếp tục tìm kiếm.
Bỏ qua tin tuyển dụng KHÔNG phải tin mới (Thời gian: Đăng1 tuần trước). Tiếp tục tìm kiếm.
Bỏ qua tin tuyển dụng KHÔNG phải tin mới (Thời gian: Đăng1 tuần trước). Tiếp tục tìm kiếm.
Hoàn thành trích xuất Trang 57. Đã thêm 0 công việc. Tổng số BẢN GHI (đã nhân bản): 2616.
Tạm dừng 5.17 giây trước khi chuyển sang trang tiếp theo.

--- Đang gửi GET Request cho Trang 58 tại URL: https://www.topcv.vn/tim-viec-lam-moi-nhat?sort=new&type_keyword=1&sba=1&page=58 ---
Bỏ qua tin tuyển dụng KHÔNG phải tin mới (Thời gian: Đăng1 tuần trước). Tiếp tục tìm kiếm.
Bỏ qua tin tuyển dụng KHÔNG phải tin mới (Thời gian: Đăng1 tuần trước). Tiếp tục tìm kiếm.
Bỏ qua tin tuyển dụng KHÔNG phải tin mới (Thời gian: Đăng1 tuần trước). Tiếp tục tìm kiếm.
Bỏ qua tin tuyển dụng KHÔNG phải tin mới (Thời gian: Đăng1 tuần trước). Tiếp tục tìm kiếm.
Bỏ qua tin tuyển dụng KHÔNG phải tin mới (Thời gian: Đăng1 tuần trước). Tiếp tục tìm kiếm.
Bỏ qua tin tuyển dụng KHÔNG phải tin mới (Thời gian: Đăng1 tuần trước). Tiếp tục tìm kiếm.
Bỏ qua tin tuyển dụng KHÔNG phải tin mới (Thời gian: Đăng1 tuần trước). Tiếp tục tìm kiếm.
Bỏ qua tin tuyển dụng KHÔNG phải tin mới (Thời gian: Đăng1 tuần trước). Tiếp tục tìm kiếm.
Bỏ qua tin tuyển dụng KHÔNG phải tin mới (Thời gian: Đăng1 tuần trước). Tiếp tục tìm kiếm.
Bỏ qua tin tuyển dụng KHÔNG phải tin mới (Thời gian: Đăng1 tuần trước). Tiếp tục tìm kiếm.
Bỏ qua tin tuyển dụng KHÔNG phải tin mới (Thời gian: Đăng1 tuần trước). Tiếp tục tìm kiếm.
Bỏ qua tin tuyển dụng KHÔNG phải tin mới (Thời gian: Đăng1 tuần trước). Tiếp tục tìm kiếm.
Bỏ qua tin tuyển dụng KHÔNG phải tin mới (Thời gian: Đăng1 tuần trước). Tiếp tục tìm kiếm.
Bỏ qua tin tuyển dụng KHÔNG phải tin mới (Thời gian: Đăng1 tuần trước). Tiếp tục tìm kiếm.
Bỏ qua tin tuyển dụng KHÔNG phải tin mới (Thời gian: Đăng1 tuần trước). Tiếp tục tìm kiếm.
Bỏ qua tin tuyển dụng KHÔNG phải tin mới (Thời gian: Đăng1 tuần trước). Tiếp tục tìm kiếm.
Bỏ qua tin tuyển dụng KHÔNG phải tin mới (Thời gian: Đăng1 tuần trước). Tiếp tục tìm kiếm.
Bỏ qua tin tuyển dụng KHÔNG phải tin mới (Thời gian: Đăng1 tuần trước). Tiếp tục tìm kiếm.
Bỏ qua tin tuyển dụng KHÔNG phải tin mới (Thời gian: Đăng1 tuần trước). Tiếp tục tìm kiếm.
Bỏ qua tin tuyển dụng KHÔNG phải tin mới (Thời gian: Đăng1 tuần trước). Tiếp tục tìm kiếm.
Bỏ qua tin tuyển dụng KHÔNG phải tin mới (Thời gian: Đăng1 tuần trước). Tiếp tục tìm kiếm.
Bỏ qua tin tuyển dụng KHÔNG phải tin mới (Thời gian: Đăng1 tuần trước). Tiếp tục tìm kiếm.
Bỏ qua tin tuyển dụng KHÔNG phải tin mới (Thời gian: Đăng1 tuần trước). Tiếp tục tìm kiếm.
Bỏ qua tin tuyển dụng KHÔNG phải tin mới (Thời gian: Đăng1 tuần trước). Tiếp tục tìm kiếm.
Bỏ qua tin tuyển dụng KHÔNG phải tin mới (Thời gian: Đăng1 tuần trước). Tiếp tục tìm kiếm.
Bỏ qua tin tuyển dụng KHÔNG phải tin mới (Thời gian: Đăng1 tuần trước). Tiếp tục tìm kiếm.
Bỏ qua tin tuyển dụng KHÔNG phải tin mới (Thời gian: Đăng1 tuần trước). Tiếp tục tìm kiếm.
Bỏ qua tin tuyển dụng KHÔNG phải tin mới (Thời gian: Đăng1 tuần trước). Tiếp tục tìm kiếm.
Bỏ qua tin tuyển dụng KHÔNG phải tin mới (Thời gian: Đăng1 tuần trước). Tiếp tục tìm kiếm.
Bỏ qua tin tuyển dụng KHÔNG phải tin mới (Thời gian: Đăng1 tuần trước). Tiếp tục tìm kiếm.
Bỏ qua tin tuyển dụng KHÔNG phải tin mới (Thời gian: Đăng1 tuần trước). Tiếp tục tìm kiếm.
Bỏ qua tin tuyển dụng KHÔNG phải tin mới (Thời gian: Đăng1 tuần trước). Tiếp tục tìm kiếm.
Bỏ qua tin tuyển dụng KHÔNG phải tin mới (Thời gian: Đăng1 tuần trước). Tiếp tục tìm kiếm.
Bỏ qua tin tuyển dụng KHÔNG phải tin mới (Thời gian: Đăng1 tuần trước). Tiếp tục tìm kiếm.
Bỏ qua tin tuyển dụng KHÔNG phải tin mới (Thời gian: Đăng1 tuần trước). Tiếp tục tìm kiếm.
Bỏ qua tin tuyển dụng KHÔNG phải tin mới (Thời gian: Đăng1 tuần trước). Tiếp tục tìm kiếm.
Bỏ qua tin tuyển dụng KHÔNG phải tin mới (Thời gian: Đăng1 tuần trước). Tiếp tục tìm kiếm.
Bỏ qua tin tuyển dụng KHÔNG phải tin mới (Thời gian: Đăng1 tuần trước). Tiếp tục tìm kiếm.
Bỏ qua tin tuyển dụng KHÔNG phải tin mới (Thời gian: Đăng1 tuần trước). Tiếp tục tìm kiếm.
Bỏ qua tin tuyển dụng KHÔNG phải tin mới (Thời gian: Đăng1 tuần trước). Tiếp tục tìm kiếm.
Bỏ qua tin tuyển dụng KHÔNG phải tin mới (Thời gian: Đăng1 tuần trước). Tiếp tục tìm kiếm.
Bỏ qua tin tuyển dụng KHÔNG phải tin mới (Thời gian: Đăng1 tuần trước). Tiếp tục tìm kiếm.
Bỏ qua tin tuyển dụng KHÔNG phải tin mới (Thời gian: Đăng1 tuần trước). Tiếp tục tìm kiếm.
Bỏ qua tin tuyển dụng KHÔNG phải tin mới (Thời gian: Đăng1 tuần trước). Tiếp tục tìm kiếm.
Bỏ qua tin tuyển dụng KHÔNG phải tin mới (Thời gian: Đăng1 tuần trước). Tiếp tục tìm kiếm.
Bỏ qua tin tuyển dụng KHÔNG phải tin mới (Thời gian: Đăng1 tuần trước). Tiếp tục tìm kiếm.
Bỏ qua tin tuyển dụng KHÔNG phải tin mới (Thời gian: Đăng1 tuần trước). Tiếp tục tìm kiếm.
Bỏ qua tin tuyển dụng KHÔNG phải tin mới (Thời gian: Đăng1 tuần trước). Tiếp tục tìm kiếm.
Bỏ qua tin tuyển dụng KHÔNG phải tin mới (Thời gian: Đăng1 tuần trước). Tiếp tục tìm kiếm.
Bỏ qua tin tuyển dụng KHÔNG phải tin mới (Thời gian: Đăng1 tuần trước). Tiếp tục tìm kiếm.
Hoàn thành trích xuất Trang 58. Đã thêm 0 công việc. Tổng số BẢN GHI (đã nhân bản): 2616.
Tạm dừng 11.25 giây trước khi chuyển sang trang tiếp theo.

--- Đang gửi GET Request cho Trang 59 tại URL: https://www.topcv.vn/tim-viec-lam-moi-nhat?sort=new&type_keyword=1&sba=1&page=59 ---
Bỏ qua tin tuyển dụng KHÔNG phải tin mới (Thời gian: Đăng1 tuần trước). Tiếp tục tìm kiếm.
Bỏ qua tin tuyển dụng KHÔNG phải tin mới (Thời gian: Đăng1 tuần trước). Tiếp tục tìm kiếm.
Bỏ qua tin tuyển dụng KHÔNG phải tin mới (Thời gian: Đăng1 tuần trước). Tiếp tục tìm kiếm.
Bỏ qua tin tuyển dụng KHÔNG phải tin mới (Thời gian: Đăng1 tuần trước). Tiếp tục tìm kiếm.
Bỏ qua tin tuyển dụng KHÔNG phải tin mới (Thời gian: Đăng1 tuần trước). Tiếp tục tìm kiếm.
Bỏ qua tin tuyển dụng KHÔNG phải tin mới (Thời gian: Đăng1 tuần trước). Tiếp tục tìm kiếm.
Bỏ qua tin tuyển dụng KHÔNG phải tin mới (Thời gian: Đăng1 tuần trước). Tiếp tục tìm kiếm.
Bỏ qua tin tuyển dụng KHÔNG phải tin mới (Thời gian: Đăng1 tuần trước). Tiếp tục tìm kiếm.
Bỏ qua tin tuyển dụng KHÔNG phải tin mới (Thời gian: Đăng1 tuần trước). Tiếp tục tìm kiếm.
Bỏ qua tin tuyển dụng KHÔNG phải tin mới (Thời gian: Đăng1 tuần trước). Tiếp tục tìm kiếm.
Bỏ qua tin tuyển dụng KHÔNG phải tin mới (Thời gian: Đăng1 tuần trước). Tiếp tục tìm kiếm.
Bỏ qua tin tuyển dụng KHÔNG phải tin mới (Thời gian: Đăng1 tuần trước). Tiếp tục tìm kiếm.
Bỏ qua tin tuyển dụng KHÔNG phải tin mới (Thời gian: Đăng1 tuần trước). Tiếp tục tìm kiếm.
Bỏ qua tin tuyển dụng KHÔNG phải tin mới (Thời gian: Đăng1 tuần trước). Tiếp tục tìm kiếm.
Bỏ qua tin tuyển dụng KHÔNG phải tin mới (Thời gian: Đăng1 tuần trước). Tiếp tục tìm kiếm.
Bỏ qua tin tuyển dụng KHÔNG phải tin mới (Thời gian: Đăng1 tuần trước). Tiếp tục tìm kiếm.
Bỏ qua tin tuyển dụng KHÔNG phải tin mới (Thời gian: Đăng1 tuần trước). Tiếp tục tìm kiếm.
Bỏ qua tin tuyển dụng KHÔNG phải tin mới (Thời gian: Đăng1 tuần trước). Tiếp tục tìm kiếm.
Bỏ qua tin tuyển dụng KHÔNG phải tin mới (Thời gian: Đăng1 tuần trước). Tiếp tục tìm kiếm.
Bỏ qua tin tuyển dụng KHÔNG phải tin mới (Thời gian: Đăng1 tuần trước). Tiếp tục tìm kiếm.
Bỏ qua tin tuyển dụng KHÔNG phải tin mới (Thời gian: Đăng1 tuần trước). Tiếp tục tìm kiếm.
Bỏ qua tin tuyển dụng KHÔNG phải tin mới (Thời gian: Đăng1 tuần trước). Tiếp tục tìm kiếm.
Bỏ qua tin tuyển dụng KHÔNG phải tin mới (Thời gian: Đăng1 tuần trước). Tiếp tục tìm kiếm.
Bỏ qua tin tuyển dụng KHÔNG phải tin mới (Thời gian: Đăng1 tuần trước). Tiếp tục tìm kiếm.
Bỏ qua tin tuyển dụng KHÔNG phải tin mới (Thời gian: Đăng1 tuần trước). Tiếp tục tìm kiếm.
Bỏ qua tin tuyển dụng KHÔNG phải tin mới (Thời gian: Đăng1 tuần trước). Tiếp tục tìm kiếm.
Bỏ qua tin tuyển dụng KHÔNG phải tin mới (Thời gian: Đăng1 tuần trước). Tiếp tục tìm kiếm.
Bỏ qua tin tuyển dụng KHÔNG phải tin mới (Thời gian: Đăng1 tuần trước). Tiếp tục tìm kiếm.
Bỏ qua tin tuyển dụng KHÔNG phải tin mới (Thời gian: Đăng1 tuần trước). Tiếp tục tìm kiếm.
Bỏ qua tin tuyển dụng KHÔNG phải tin mới (Thời gian: Đăng1 tuần trước). Tiếp tục tìm kiếm.
Bỏ qua tin tuyển dụng KHÔNG phải tin mới (Thời gian: Đăng1 tuần trước). Tiếp tục tìm kiếm.
Bỏ qua tin tuyển dụng KHÔNG phải tin mới (Thời gian: Đăng1 tuần trước). Tiếp tục tìm kiếm.
Bỏ qua tin tuyển dụng KHÔNG phải tin mới (Thời gian: Đăng1 tuần trước). Tiếp tục tìm kiếm.
Bỏ qua tin tuyển dụng KHÔNG phải tin mới (Thời gian: Đăng1 tuần trước). Tiếp tục tìm kiếm.
Bỏ qua tin tuyển dụng KHÔNG phải tin mới (Thời gian: Đăng1 tuần trước). Tiếp tục tìm kiếm.
Bỏ qua tin tuyển dụng KHÔNG phải tin mới (Thời gian: Đăng1 tuần trước). Tiếp tục tìm kiếm.
Bỏ qua tin tuyển dụng KHÔNG phải tin mới (Thời gian: Đăng1 tuần trước). Tiếp tục tìm kiếm.
Bỏ qua tin tuyển dụng KHÔNG phải tin mới (Thời gian: Đăng1 tuần trước). Tiếp tục tìm kiếm.
Bỏ qua tin tuyển dụng KHÔNG phải tin mới (Thời gian: Đăng1 tuần trước). Tiếp tục tìm kiếm.
Bỏ qua tin tuyển dụng KHÔNG phải tin mới (Thời gian: Đăng1 tuần trước). Tiếp tục tìm kiếm.
Bỏ qua tin tuyển dụng KHÔNG phải tin mới (Thời gian: Đăng1 tuần trước). Tiếp tục tìm kiếm.
Bỏ qua tin tuyển dụng KHÔNG phải tin mới (Thời gian: Đăng1 tuần trước). Tiếp tục tìm kiếm.
Bỏ qua tin tuyển dụng KHÔNG phải tin mới (Thời gian: Đăng1 tuần trước). Tiếp tục tìm kiếm.
Bỏ qua tin tuyển dụng KHÔNG phải tin mới (Thời gian: Đăng1 tuần trước). Tiếp tục tìm kiếm.
Bỏ qua tin tuyển dụng KHÔNG phải tin mới (Thời gian: Đăng1 tuần trước). Tiếp tục tìm kiếm.
Bỏ qua tin tuyển dụng KHÔNG phải tin mới (Thời gian: Đăng1 tuần trước). Tiếp tục tìm kiếm.
Bỏ qua tin tuyển dụng KHÔNG phải tin mới (Thời gian: Đăng1 tuần trước). Tiếp tục tìm kiếm.
Bỏ qua tin tuyển dụng KHÔNG phải tin mới (Thời gian: Đăng1 tuần trước). Tiếp tục tìm kiếm.
Bỏ qua tin tuyển dụng KHÔNG phải tin mới (Thời gian: Đăng1 tuần trước). Tiếp tục tìm kiếm.
Bỏ qua tin tuyển dụng KHÔNG phải tin mới (Thời gian: Đăng1 tuần trước). Tiếp tục tìm kiếm.
Hoàn thành trích xuất Trang 59. Đã thêm 0 công việc. Tổng số BẢN GHI (đã nhân bản): 2616.
Tạm dừng 5.68 giây trước khi chuyển sang trang tiếp theo.

--- Đang gửi GET Request cho Trang 60 tại URL: https://www.topcv.vn/tim-viec-lam-moi-nhat?sort=new&type_keyword=1&sba=1&page=60 ---
Bỏ qua tin tuyển dụng KHÔNG phải tin mới (Thời gian: Đăng1 tuần trước). Tiếp tục tìm kiếm.
Bỏ qua tin tuyển dụng KHÔNG phải tin mới (Thời gian: Đăng1 tuần trước). Tiếp tục tìm kiếm.
Bỏ qua tin tuyển dụng KHÔNG phải tin mới (Thời gian: Đăng1 tuần trước). Tiếp tục tìm kiếm.
Bỏ qua tin tuyển dụng KHÔNG phải tin mới (Thời gian: Đăng1 tuần trước). Tiếp tục tìm kiếm.
Bỏ qua tin tuyển dụng KHÔNG phải tin mới (Thời gian: Đăng1 tuần trước). Tiếp tục tìm kiếm.
Bỏ qua tin tuyển dụng KHÔNG phải tin mới (Thời gian: Đăng1 tuần trước). Tiếp tục tìm kiếm.
Bỏ qua tin tuyển dụng KHÔNG phải tin mới (Thời gian: Đăng1 tuần trước). Tiếp tục tìm kiếm.
Bỏ qua tin tuyển dụng KHÔNG phải tin mới (Thời gian: Đăng1 tuần trước). Tiếp tục tìm kiếm.
Bỏ qua tin tuyển dụng KHÔNG phải tin mới (Thời gian: Đăng1 tuần trước). Tiếp tục tìm kiếm.
Bỏ qua tin tuyển dụng KHÔNG phải tin mới (Thời gian: Đăng1 tuần trước). Tiếp tục tìm kiếm.
Bỏ qua tin tuyển dụng KHÔNG phải tin mới (Thời gian: Đăng1 tuần trước). Tiếp tục tìm kiếm.
Bỏ qua tin tuyển dụng KHÔNG phải tin mới (Thời gian: Đăng1 tuần trước). Tiếp tục tìm kiếm.
Bỏ qua tin tuyển dụng KHÔNG phải tin mới (Thời gian: Đăng1 tuần trước). Tiếp tục tìm kiếm.
Bỏ qua tin tuyển dụng KHÔNG phải tin mới (Thời gian: Đăng1 tuần trước). Tiếp tục tìm kiếm.
Bỏ qua tin tuyển dụng KHÔNG phải tin mới (Thời gian: Đăng1 tuần trước). Tiếp tục tìm kiếm.
Bỏ qua tin tuyển dụng KHÔNG phải tin mới (Thời gian: Đăng1 tuần trước). Tiếp tục tìm kiếm.
Bỏ qua tin tuyển dụng KHÔNG phải tin mới (Thời gian: Đăng1 tuần trước). Tiếp tục tìm kiếm.
Bỏ qua tin tuyển dụng KHÔNG phải tin mới (Thời gian: Đăng1 tuần trước). Tiếp tục tìm kiếm.
Bỏ qua tin tuyển dụng KHÔNG phải tin mới (Thời gian: Đăng1 tuần trước). Tiếp tục tìm kiếm.
Bỏ qua tin tuyển dụng KHÔNG phải tin mới (Thời gian: Đăng1 tuần trước). Tiếp tục tìm kiếm.
Bỏ qua tin tuyển dụng KHÔNG phải tin mới (Thời gian: Đăng1 tuần trước). Tiếp tục tìm kiếm.
Bỏ qua tin tuyển dụng KHÔNG phải tin mới (Thời gian: Đăng1 tuần trước). Tiếp tục tìm kiếm.
Bỏ qua tin tuyển dụng KHÔNG phải tin mới (Thời gian: Đăng1 tuần trước). Tiếp tục tìm kiếm.
Bỏ qua tin tuyển dụng KHÔNG phải tin mới (Thời gian: Đăng1 tuần trước). Tiếp tục tìm kiếm.
Bỏ qua tin tuyển dụng KHÔNG phải tin mới (Thời gian: Đăng1 tuần trước). Tiếp tục tìm kiếm.
Bỏ qua tin tuyển dụng KHÔNG phải tin mới (Thời gian: Đăng1 tuần trước). Tiếp tục tìm kiếm.
Bỏ qua tin tuyển dụng KHÔNG phải tin mới (Thời gian: Đăng1 tuần trước). Tiếp tục tìm kiếm.
Bỏ qua tin tuyển dụng KHÔNG phải tin mới (Thời gian: Đăng1 tuần trước). Tiếp tục tìm kiếm.
Bỏ qua tin tuyển dụng KHÔNG phải tin mới (Thời gian: Đăng1 tuần trước). Tiếp tục tìm kiếm.
Bỏ qua tin tuyển dụng KHÔNG phải tin mới (Thời gian: Đăng1 tuần trước). Tiếp tục tìm kiếm.
Bỏ qua tin tuyển dụng KHÔNG phải tin mới (Thời gian: Đăng1 tuần trước). Tiếp tục tìm kiếm.
Bỏ qua tin tuyển dụng KHÔNG phải tin mới (Thời gian: Đăng1 tuần trước). Tiếp tục tìm kiếm.
Bỏ qua tin tuyển dụng KHÔNG phải tin mới (Thời gian: Đăng1 tuần trước). Tiếp tục tìm kiếm.
Bỏ qua tin tuyển dụng KHÔNG phải tin mới (Thời gian: Đăng1 tuần trước). Tiếp tục tìm kiếm.
Bỏ qua tin tuyển dụng KHÔNG phải tin mới (Thời gian: Đăng1 tuần trước). Tiếp tục tìm kiếm.
Bỏ qua tin tuyển dụng KHÔNG phải tin mới (Thời gian: Đăng1 tuần trước). Tiếp tục tìm kiếm.
Bỏ qua tin tuyển dụng KHÔNG phải tin mới (Thời gian: Đăng1 tuần trước). Tiếp tục tìm kiếm.
Bỏ qua tin tuyển dụng KHÔNG phải tin mới (Thời gian: Đăng1 tuần trước). Tiếp tục tìm kiếm.
Bỏ qua tin tuyển dụng KHÔNG phải tin mới (Thời gian: Đăng1 tuần trước). Tiếp tục tìm kiếm.
Bỏ qua tin tuyển dụng KHÔNG phải tin mới (Thời gian: Đăng1 tuần trước). Tiếp tục tìm kiếm.
Bỏ qua tin tuyển dụng KHÔNG phải tin mới (Thời gian: Đăng1 tuần trước). Tiếp tục tìm kiếm.
Bỏ qua tin tuyển dụng KHÔNG phải tin mới (Thời gian: Đăng1 tuần trước). Tiếp tục tìm kiếm.
Bỏ qua tin tuyển dụng KHÔNG phải tin mới (Thời gian: Đăng1 tuần trước). Tiếp tục tìm kiếm.
Bỏ qua tin tuyển dụng KHÔNG phải tin mới (Thời gian: Đăng1 tuần trước). Tiếp tục tìm kiếm.
Bỏ qua tin tuyển dụng KHÔNG phải tin mới (Thời gian: Đăng1 tuần trước). Tiếp tục tìm kiếm.
Bỏ qua tin tuyển dụng KHÔNG phải tin mới (Thời gian: Đăng1 tuần trước). Tiếp tục tìm kiếm.
Bỏ qua tin tuyển dụng KHÔNG phải tin mới (Thời gian: Đăng1 tuần trước). Tiếp tục tìm kiếm.
Bỏ qua tin tuyển dụng KHÔNG phải tin mới (Thời gian: Đăng1 tuần trước). Tiếp tục tìm kiếm.
Bỏ qua tin tuyển dụng KHÔNG phải tin mới (Thời gian: Đăng1 tuần trước). Tiếp tục tìm kiếm.
Bỏ qua tin tuyển dụng KHÔNG phải tin mới (Thời gian: Đăng1 tuần trước). Tiếp tục tìm kiếm.
Hoàn thành trích xuất Trang 60. Đã thêm 0 công việc. Tổng số BẢN GHI (đã nhân bản): 2616.
Tạm dừng 11.28 giây trước khi chuyển sang trang tiếp theo.

--- Đang gửi GET Request cho Trang 61 tại URL: https://www.topcv.vn/tim-viec-lam-moi-nhat?sort=new&type_keyword=1&sba=1&page=61 ---
Bỏ qua tin tuyển dụng KHÔNG phải tin mới (Thời gian: Đăng1 tuần trước). Tiếp tục tìm kiếm.
Bỏ qua tin tuyển dụng KHÔNG phải tin mới (Thời gian: Đăng1 tuần trước). Tiếp tục tìm kiếm.
Bỏ qua tin tuyển dụng KHÔNG phải tin mới (Thời gian: Đăng1 tuần trước). Tiếp tục tìm kiếm.
Bỏ qua tin tuyển dụng KHÔNG phải tin mới (Thời gian: Đăng1 tuần trước). Tiếp tục tìm kiếm.
Bỏ qua tin tuyển dụng KHÔNG phải tin mới (Thời gian: Đăng1 tuần trước). Tiếp tục tìm kiếm.
Bỏ qua tin tuyển dụng KHÔNG phải tin mới (Thời gian: Đăng1 tuần trước). Tiếp tục tìm kiếm.
Bỏ qua tin tuyển dụng KHÔNG phải tin mới (Thời gian: Đăng1 tuần trước). Tiếp tục tìm kiếm.
Bỏ qua tin tuyển dụng KHÔNG phải tin mới (Thời gian: Đăng1 tuần trước). Tiếp tục tìm kiếm.
Bỏ qua tin tuyển dụng KHÔNG phải tin mới (Thời gian: Đăng1 tuần trước). Tiếp tục tìm kiếm.
Bỏ qua tin tuyển dụng KHÔNG phải tin mới (Thời gian: Đăng1 tuần trước). Tiếp tục tìm kiếm.
Bỏ qua tin tuyển dụng KHÔNG phải tin mới (Thời gian: Đăng1 tuần trước). Tiếp tục tìm kiếm.
Bỏ qua tin tuyển dụng KHÔNG phải tin mới (Thời gian: Đăng1 tuần trước). Tiếp tục tìm kiếm.
Bỏ qua tin tuyển dụng KHÔNG phải tin mới (Thời gian: Đăng1 tuần trước). Tiếp tục tìm kiếm.
Bỏ qua tin tuyển dụng KHÔNG phải tin mới (Thời gian: Đăng1 tuần trước). Tiếp tục tìm kiếm.
Bỏ qua tin tuyển dụng KHÔNG phải tin mới (Thời gian: Đăng1 tuần trước). Tiếp tục tìm kiếm.
Bỏ qua tin tuyển dụng KHÔNG phải tin mới (Thời gian: Đăng1 tuần trước). Tiếp tục tìm kiếm.
Bỏ qua tin tuyển dụng KHÔNG phải tin mới (Thời gian: Đăng1 tuần trước). Tiếp tục tìm kiếm.
Bỏ qua tin tuyển dụng KHÔNG phải tin mới (Thời gian: Đăng1 tuần trước). Tiếp tục tìm kiếm.
Bỏ qua tin tuyển dụng KHÔNG phải tin mới (Thời gian: Đăng1 tuần trước). Tiếp tục tìm kiếm.
Bỏ qua tin tuyển dụng KHÔNG phải tin mới (Thời gian: Đăng1 tuần trước). Tiếp tục tìm kiếm.
Bỏ qua tin tuyển dụng KHÔNG phải tin mới (Thời gian: Đăng1 tuần trước). Tiếp tục tìm kiếm.
Bỏ qua tin tuyển dụng KHÔNG phải tin mới (Thời gian: Đăng1 tuần trước). Tiếp tục tìm kiếm.
Bỏ qua tin tuyển dụng KHÔNG phải tin mới (Thời gian: Đăng1 tuần trước). Tiếp tục tìm kiếm.
Bỏ qua tin tuyển dụng KHÔNG phải tin mới (Thời gian: Đăng1 tuần trước). Tiếp tục tìm kiếm.
Bỏ qua tin tuyển dụng KHÔNG phải tin mới (Thời gian: Đăng1 tuần trước). Tiếp tục tìm kiếm.
Bỏ qua tin tuyển dụng KHÔNG phải tin mới (Thời gian: Đăng1 tuần trước). Tiếp tục tìm kiếm.
Bỏ qua tin tuyển dụng KHÔNG phải tin mới (Thời gian: Đăng1 tuần trước). Tiếp tục tìm kiếm.
Bỏ qua tin tuyển dụng KHÔNG phải tin mới (Thời gian: Đăng1 tuần trước). Tiếp tục tìm kiếm.
Bỏ qua tin tuyển dụng KHÔNG phải tin mới (Thời gian: Đăng1 tuần trước). Tiếp tục tìm kiếm.
Bỏ qua tin tuyển dụng KHÔNG phải tin mới (Thời gian: Đăng1 tuần trước). Tiếp tục tìm kiếm.
Bỏ qua tin tuyển dụng KHÔNG phải tin mới (Thời gian: Đăng1 tuần trước). Tiếp tục tìm kiếm.
Bỏ qua tin tuyển dụng KHÔNG phải tin mới (Thời gian: Đăng1 tuần trước). Tiếp tục tìm kiếm.
Bỏ qua tin tuyển dụng KHÔNG phải tin mới (Thời gian: Đăng1 tuần trước). Tiếp tục tìm kiếm.
Bỏ qua tin tuyển dụng KHÔNG phải tin mới (Thời gian: Đăng1 tuần trước). Tiếp tục tìm kiếm.
Bỏ qua tin tuyển dụng KHÔNG phải tin mới (Thời gian: Đăng1 tuần trước). Tiếp tục tìm kiếm.
Bỏ qua tin tuyển dụng KHÔNG phải tin mới (Thời gian: Đăng1 tuần trước). Tiếp tục tìm kiếm.
Bỏ qua tin tuyển dụng KHÔNG phải tin mới (Thời gian: Đăng1 tuần trước). Tiếp tục tìm kiếm.
Bỏ qua tin tuyển dụng KHÔNG phải tin mới (Thời gian: Đăng1 tuần trước). Tiếp tục tìm kiếm.
Bỏ qua tin tuyển dụng KHÔNG phải tin mới (Thời gian: Đăng1 tuần trước). Tiếp tục tìm kiếm.
Bỏ qua tin tuyển dụng KHÔNG phải tin mới (Thời gian: Đăng1 tuần trước). Tiếp tục tìm kiếm.
Bỏ qua tin tuyển dụng KHÔNG phải tin mới (Thời gian: Đăng1 tuần trước). Tiếp tục tìm kiếm.
Bỏ qua tin tuyển dụng KHÔNG phải tin mới (Thời gian: Đăng1 tuần trước). Tiếp tục tìm kiếm.
Bỏ qua tin tuyển dụng KHÔNG phải tin mới (Thời gian: Đăng1 tuần trước). Tiếp tục tìm kiếm.
Bỏ qua tin tuyển dụng KHÔNG phải tin mới (Thời gian: Đăng1 tuần trước). Tiếp tục tìm kiếm.
Bỏ qua tin tuyển dụng KHÔNG phải tin mới (Thời gian: Đăng1 tuần trước). Tiếp tục tìm kiếm.
Bỏ qua tin tuyển dụng KHÔNG phải tin mới (Thời gian: Đăng1 tuần trước). Tiếp tục tìm kiếm.
Bỏ qua tin tuyển dụng KHÔNG phải tin mới (Thời gian: Đăng1 tuần trước). Tiếp tục tìm kiếm.
Bỏ qua tin tuyển dụng KHÔNG phải tin mới (Thời gian: Đăng1 tuần trước). Tiếp tục tìm kiếm.
Bỏ qua tin tuyển dụng KHÔNG phải tin mới (Thời gian: Đăng1 tuần trước). Tiếp tục tìm kiếm.
Bỏ qua tin tuyển dụng KHÔNG phải tin mới (Thời gian: Đăng1 tuần trước). Tiếp tục tìm kiếm.
Hoàn thành trích xuất Trang 61. Đã thêm 0 công việc. Tổng số BẢN GHI (đã nhân bản): 2616.
Tạm dừng 7.81 giây trước khi chuyển sang trang tiếp theo.

--- Đang gửi GET Request cho Trang 62 tại URL: https://www.topcv.vn/tim-viec-lam-moi-nhat?sort=new&type_keyword=1&sba=1&page=62 ---
Bỏ qua tin tuyển dụng KHÔNG phải tin mới (Thời gian: Đăng1 tuần trước). Tiếp tục tìm kiếm.
Bỏ qua tin tuyển dụng KHÔNG phải tin mới (Thời gian: Đăng1 tuần trước). Tiếp tục tìm kiếm.
Bỏ qua tin tuyển dụng KHÔNG phải tin mới (Thời gian: Đăng1 tuần trước). Tiếp tục tìm kiếm.
Bỏ qua tin tuyển dụng KHÔNG phải tin mới (Thời gian: Đăng1 tuần trước). Tiếp tục tìm kiếm.
Bỏ qua tin tuyển dụng KHÔNG phải tin mới (Thời gian: Đăng1 tuần trước). Tiếp tục tìm kiếm.
Bỏ qua tin tuyển dụng KHÔNG phải tin mới (Thời gian: Đăng1 tuần trước). Tiếp tục tìm kiếm.
Bỏ qua tin tuyển dụng KHÔNG phải tin mới (Thời gian: Đăng1 tuần trước). Tiếp tục tìm kiếm.
Bỏ qua tin tuyển dụng KHÔNG phải tin mới (Thời gian: Đăng1 tuần trước). Tiếp tục tìm kiếm.
Bỏ qua tin tuyển dụng KHÔNG phải tin mới (Thời gian: Đăng1 tuần trước). Tiếp tục tìm kiếm.
Bỏ qua tin tuyển dụng KHÔNG phải tin mới (Thời gian: Đăng1 tuần trước). Tiếp tục tìm kiếm.
Bỏ qua tin tuyển dụng KHÔNG phải tin mới (Thời gian: Đăng1 tuần trước). Tiếp tục tìm kiếm.
Bỏ qua tin tuyển dụng KHÔNG phải tin mới (Thời gian: Đăng1 tuần trước). Tiếp tục tìm kiếm.
Bỏ qua tin tuyển dụng KHÔNG phải tin mới (Thời gian: Đăng1 tuần trước). Tiếp tục tìm kiếm.
Bỏ qua tin tuyển dụng KHÔNG phải tin mới (Thời gian: Đăng1 tuần trước). Tiếp tục tìm kiếm.
Bỏ qua tin tuyển dụng KHÔNG phải tin mới (Thời gian: Đăng1 tuần trước). Tiếp tục tìm kiếm.
Bỏ qua tin tuyển dụng KHÔNG phải tin mới (Thời gian: Đăng1 tuần trước). Tiếp tục tìm kiếm.
Bỏ qua tin tuyển dụng KHÔNG phải tin mới (Thời gian: Đăng1 tuần trước). Tiếp tục tìm kiếm.
Bỏ qua tin tuyển dụng KHÔNG phải tin mới (Thời gian: Đăng1 tuần trước). Tiếp tục tìm kiếm.
Bỏ qua tin tuyển dụng KHÔNG phải tin mới (Thời gian: Đăng1 tuần trước). Tiếp tục tìm kiếm.
Bỏ qua tin tuyển dụng KHÔNG phải tin mới (Thời gian: Đăng1 tuần trước). Tiếp tục tìm kiếm.
Bỏ qua tin tuyển dụng KHÔNG phải tin mới (Thời gian: Đăng2 tuần trước). Tiếp tục tìm kiếm.
Bỏ qua tin tuyển dụng KHÔNG phải tin mới (Thời gian: Đăng2 tuần trước). Tiếp tục tìm kiếm.
Bỏ qua tin tuyển dụng KHÔNG phải tin mới (Thời gian: Đăng2 tuần trước). Tiếp tục tìm kiếm.
Bỏ qua tin tuyển dụng KHÔNG phải tin mới (Thời gian: Đăng2 tuần trước). Tiếp tục tìm kiếm.
Bỏ qua tin tuyển dụng KHÔNG phải tin mới (Thời gian: Đăng2 tuần trước). Tiếp tục tìm kiếm.
Bỏ qua tin tuyển dụng KHÔNG phải tin mới (Thời gian: Đăng2 tuần trước). Tiếp tục tìm kiếm.
Bỏ qua tin tuyển dụng KHÔNG phải tin mới (Thời gian: Đăng2 tuần trước). Tiếp tục tìm kiếm.
Bỏ qua tin tuyển dụng KHÔNG phải tin mới (Thời gian: Đăng2 tuần trước). Tiếp tục tìm kiếm.
Bỏ qua tin tuyển dụng KHÔNG phải tin mới (Thời gian: Đăng2 tuần trước). Tiếp tục tìm kiếm.
Bỏ qua tin tuyển dụng KHÔNG phải tin mới (Thời gian: Đăng2 tuần trước). Tiếp tục tìm kiếm.
Bỏ qua tin tuyển dụng KHÔNG phải tin mới (Thời gian: Đăng2 tuần trước). Tiếp tục tìm kiếm.
Bỏ qua tin tuyển dụng KHÔNG phải tin mới (Thời gian: Đăng2 tuần trước). Tiếp tục tìm kiếm.
Bỏ qua tin tuyển dụng KHÔNG phải tin mới (Thời gian: Đăng2 tuần trước). Tiếp tục tìm kiếm.
Bỏ qua tin tuyển dụng KHÔNG phải tin mới (Thời gian: Đăng2 tuần trước). Tiếp tục tìm kiếm.
Bỏ qua tin tuyển dụng KHÔNG phải tin mới (Thời gian: Đăng2 tuần trước). Tiếp tục tìm kiếm.
Bỏ qua tin tuyển dụng KHÔNG phải tin mới (Thời gian: Đăng2 tuần trước). Tiếp tục tìm kiếm.
Bỏ qua tin tuyển dụng KHÔNG phải tin mới (Thời gian: Đăng2 tuần trước). Tiếp tục tìm kiếm.
Bỏ qua tin tuyển dụng KHÔNG phải tin mới (Thời gian: Đăng2 tuần trước). Tiếp tục tìm kiếm.
Bỏ qua tin tuyển dụng KHÔNG phải tin mới (Thời gian: Đăng2 tuần trước). Tiếp tục tìm kiếm.
Bỏ qua tin tuyển dụng KHÔNG phải tin mới (Thời gian: Đăng2 tuần trước). Tiếp tục tìm kiếm.
Bỏ qua tin tuyển dụng KHÔNG phải tin mới (Thời gian: Đăng2 tuần trước). Tiếp tục tìm kiếm.
Bỏ qua tin tuyển dụng KHÔNG phải tin mới (Thời gian: Đăng2 tuần trước). Tiếp tục tìm kiếm.
Bỏ qua tin tuyển dụng KHÔNG phải tin mới (Thời gian: Đăng2 tuần trước). Tiếp tục tìm kiếm.
Bỏ qua tin tuyển dụng KHÔNG phải tin mới (Thời gian: Đăng2 tuần trước). Tiếp tục tìm kiếm.
Bỏ qua tin tuyển dụng KHÔNG phải tin mới (Thời gian: Đăng2 tuần trước). Tiếp tục tìm kiếm.
Bỏ qua tin tuyển dụng KHÔNG phải tin mới (Thời gian: Đăng2 tuần trước). Tiếp tục tìm kiếm.
Bỏ qua tin tuyển dụng KHÔNG phải tin mới (Thời gian: Đăng2 tuần trước). Tiếp tục tìm kiếm.
Bỏ qua tin tuyển dụng KHÔNG phải tin mới (Thời gian: Đăng2 tuần trước). Tiếp tục tìm kiếm.
Bỏ qua tin tuyển dụng KHÔNG phải tin mới (Thời gian: Đăng2 tuần trước). Tiếp tục tìm kiếm.
Bỏ qua tin tuyển dụng KHÔNG phải tin mới (Thời gian: Đăng1 tháng trước). Tiếp tục tìm kiếm.
Hoàn thành trích xuất Trang 62. Đã thêm 0 công việc. Tổng số BẢN GHI (đã nhân bản): 2616.
Tạm dừng 8.22 giây trước khi chuyển sang trang tiếp theo.

--- Đang gửi GET Request cho Trang 63 tại URL: https://www.topcv.vn/tim-viec-lam-moi-nhat?sort=new&type_keyword=1&sba=1&page=63 ---
Bỏ qua tin tuyển dụng KHÔNG phải tin mới (Thời gian: Đăng2 tuần trước). Tiếp tục tìm kiếm.
Bỏ qua tin tuyển dụng KHÔNG phải tin mới (Thời gian: Đăng2 tuần trước). Tiếp tục tìm kiếm.
Bỏ qua tin tuyển dụng KHÔNG phải tin mới (Thời gian: Đăng2 tuần trước). Tiếp tục tìm kiếm.
Bỏ qua tin tuyển dụng KHÔNG phải tin mới (Thời gian: Đăng2 tuần trước). Tiếp tục tìm kiếm.
Bỏ qua tin tuyển dụng KHÔNG phải tin mới (Thời gian: Đăng1 tháng trước). Tiếp tục tìm kiếm.
Bỏ qua tin tuyển dụng KHÔNG phải tin mới (Thời gian: Đăng2 tuần trước). Tiếp tục tìm kiếm.
Bỏ qua tin tuyển dụng KHÔNG phải tin mới (Thời gian: Đăng2 tuần trước). Tiếp tục tìm kiếm.
Bỏ qua tin tuyển dụng KHÔNG phải tin mới (Thời gian: Đăng2 tuần trước). Tiếp tục tìm kiếm.
Bỏ qua tin tuyển dụng KHÔNG phải tin mới (Thời gian: Đăng2 tuần trước). Tiếp tục tìm kiếm.
Bỏ qua tin tuyển dụng KHÔNG phải tin mới (Thời gian: Đăng2 tuần trước). Tiếp tục tìm kiếm.
Bỏ qua tin tuyển dụng KHÔNG phải tin mới (Thời gian: Đăng2 tuần trước). Tiếp tục tìm kiếm.
Bỏ qua tin tuyển dụng KHÔNG phải tin mới (Thời gian: Đăng2 tuần trước). Tiếp tục tìm kiếm.
Bỏ qua tin tuyển dụng KHÔNG phải tin mới (Thời gian: Đăng2 tuần trước). Tiếp tục tìm kiếm.
Bỏ qua tin tuyển dụng KHÔNG phải tin mới (Thời gian: Đăng2 tuần trước). Tiếp tục tìm kiếm.
Bỏ qua tin tuyển dụng KHÔNG phải tin mới (Thời gian: Đăng2 tuần trước). Tiếp tục tìm kiếm.
Bỏ qua tin tuyển dụng KHÔNG phải tin mới (Thời gian: Đăng2 tuần trước). Tiếp tục tìm kiếm.
Bỏ qua tin tuyển dụng KHÔNG phải tin mới (Thời gian: Đăng2 tuần trước). Tiếp tục tìm kiếm.
Bỏ qua tin tuyển dụng KHÔNG phải tin mới (Thời gian: Đăng1 tháng trước). Tiếp tục tìm kiếm.
Bỏ qua tin tuyển dụng KHÔNG phải tin mới (Thời gian: Đăng2 tuần trước). Tiếp tục tìm kiếm.
Bỏ qua tin tuyển dụng KHÔNG phải tin mới (Thời gian: Đăng2 tuần trước). Tiếp tục tìm kiếm.
Bỏ qua tin tuyển dụng KHÔNG phải tin mới (Thời gian: Đăng2 tuần trước). Tiếp tục tìm kiếm.
Bỏ qua tin tuyển dụng KHÔNG phải tin mới (Thời gian: Đăng2 tuần trước). Tiếp tục tìm kiếm.
Bỏ qua tin tuyển dụng KHÔNG phải tin mới (Thời gian: Đăng2 tuần trước). Tiếp tục tìm kiếm.
Bỏ qua tin tuyển dụng KHÔNG phải tin mới (Thời gian: Đăng2 tuần trước). Tiếp tục tìm kiếm.
Bỏ qua tin tuyển dụng KHÔNG phải tin mới (Thời gian: Đăng2 tuần trước). Tiếp tục tìm kiếm.
Bỏ qua tin tuyển dụng KHÔNG phải tin mới (Thời gian: Đăng2 tuần trước). Tiếp tục tìm kiếm.
Bỏ qua tin tuyển dụng KHÔNG phải tin mới (Thời gian: Đăng2 tuần trước). Tiếp tục tìm kiếm.
Bỏ qua tin tuyển dụng KHÔNG phải tin mới (Thời gian: Đăng1 tháng trước). Tiếp tục tìm kiếm.
Bỏ qua tin tuyển dụng KHÔNG phải tin mới (Thời gian: Đăng2 tuần trước). Tiếp tục tìm kiếm.
Bỏ qua tin tuyển dụng KHÔNG phải tin mới (Thời gian: Đăng2 tuần trước). Tiếp tục tìm kiếm.
Bỏ qua tin tuyển dụng KHÔNG phải tin mới (Thời gian: Đăng2 tuần trước). Tiếp tục tìm kiếm.
Bỏ qua tin tuyển dụng KHÔNG phải tin mới (Thời gian: Đăng2 tuần trước). Tiếp tục tìm kiếm.
Bỏ qua tin tuyển dụng KHÔNG phải tin mới (Thời gian: Đăng2 tuần trước). Tiếp tục tìm kiếm.
Bỏ qua tin tuyển dụng KHÔNG phải tin mới (Thời gian: Đăng2 tuần trước). Tiếp tục tìm kiếm.
Bỏ qua tin tuyển dụng KHÔNG phải tin mới (Thời gian: Đăng2 tuần trước). Tiếp tục tìm kiếm.
Bỏ qua tin tuyển dụng KHÔNG phải tin mới (Thời gian: Đăng2 tuần trước). Tiếp tục tìm kiếm.
Bỏ qua tin tuyển dụng KHÔNG phải tin mới (Thời gian: Đăng2 tuần trước). Tiếp tục tìm kiếm.
Bỏ qua tin tuyển dụng KHÔNG phải tin mới (Thời gian: Đăng2 tháng trước). Tiếp tục tìm kiếm.
Bỏ qua tin tuyển dụng KHÔNG phải tin mới (Thời gian: Đăng2 tuần trước). Tiếp tục tìm kiếm.
Bỏ qua tin tuyển dụng KHÔNG phải tin mới (Thời gian: Đăng2 tuần trước). Tiếp tục tìm kiếm.
Bỏ qua tin tuyển dụng KHÔNG phải tin mới (Thời gian: Đăng2 tuần trước). Tiếp tục tìm kiếm.
Bỏ qua tin tuyển dụng KHÔNG phải tin mới (Thời gian: Đăng2 tuần trước). Tiếp tục tìm kiếm.
Bỏ qua tin tuyển dụng KHÔNG phải tin mới (Thời gian: Đăng2 tuần trước). Tiếp tục tìm kiếm.
Bỏ qua tin tuyển dụng KHÔNG phải tin mới (Thời gian: Đăng2 tuần trước). Tiếp tục tìm kiếm.
Bỏ qua tin tuyển dụng KHÔNG phải tin mới (Thời gian: Đăng2 tuần trước). Tiếp tục tìm kiếm.
Bỏ qua tin tuyển dụng KHÔNG phải tin mới (Thời gian: Đăng2 tuần trước). Tiếp tục tìm kiếm.
Bỏ qua tin tuyển dụng KHÔNG phải tin mới (Thời gian: Đăng2 tuần trước). Tiếp tục tìm kiếm.
Bỏ qua tin tuyển dụng KHÔNG phải tin mới (Thời gian: Đăng2 tuần trước). Tiếp tục tìm kiếm.
Bỏ qua tin tuyển dụng KHÔNG phải tin mới (Thời gian: Đăng2 tuần trước). Tiếp tục tìm kiếm.
Bỏ qua tin tuyển dụng KHÔNG phải tin mới (Thời gian: Đăng2 tuần trước). Tiếp tục tìm kiếm.
Hoàn thành trích xuất Trang 63. Đã thêm 0 công việc. Tổng số BẢN GHI (đã nhân bản): 2616.
Tạm dừng 11.90 giây trước khi chuyển sang trang tiếp theo.

--- Đang gửi GET Request cho Trang 64 tại URL: https://www.topcv.vn/tim-viec-lam-moi-nhat?sort=new&type_keyword=1&sba=1&page=64 ---
Bỏ qua tin tuyển dụng KHÔNG phải tin mới (Thời gian: Đăng1 tháng trước). Tiếp tục tìm kiếm.
Bỏ qua tin tuyển dụng KHÔNG phải tin mới (Thời gian: Đăng2 tuần trước). Tiếp tục tìm kiếm.
Bỏ qua tin tuyển dụng KHÔNG phải tin mới (Thời gian: Đăng2 tuần trước). Tiếp tục tìm kiếm.
Bỏ qua tin tuyển dụng KHÔNG phải tin mới (Thời gian: Đăng2 tuần trước). Tiếp tục tìm kiếm.
Bỏ qua tin tuyển dụng KHÔNG phải tin mới (Thời gian: Đăng2 tuần trước). Tiếp tục tìm kiếm.
Bỏ qua tin tuyển dụng KHÔNG phải tin mới (Thời gian: Đăng2 tuần trước). Tiếp tục tìm kiếm.
Bỏ qua tin tuyển dụng KHÔNG phải tin mới (Thời gian: Đăng2 tuần trước). Tiếp tục tìm kiếm.
Bỏ qua tin tuyển dụng KHÔNG phải tin mới (Thời gian: Đăng2 tuần trước). Tiếp tục tìm kiếm.
Bỏ qua tin tuyển dụng KHÔNG phải tin mới (Thời gian: Đăng2 tuần trước). Tiếp tục tìm kiếm.
Bỏ qua tin tuyển dụng KHÔNG phải tin mới (Thời gian: Đăng2 tuần trước). Tiếp tục tìm kiếm.
Bỏ qua tin tuyển dụng KHÔNG phải tin mới (Thời gian: Đăng2 tuần trước). Tiếp tục tìm kiếm.
Bỏ qua tin tuyển dụng KHÔNG phải tin mới (Thời gian: Đăng2 tuần trước). Tiếp tục tìm kiếm.
Bỏ qua tin tuyển dụng KHÔNG phải tin mới (Thời gian: Đăng2 tuần trước). Tiếp tục tìm kiếm.
Bỏ qua tin tuyển dụng KHÔNG phải tin mới (Thời gian: Đăng2 tuần trước). Tiếp tục tìm kiếm.
Bỏ qua tin tuyển dụng KHÔNG phải tin mới (Thời gian: Đăng2 tuần trước). Tiếp tục tìm kiếm.
Bỏ qua tin tuyển dụng KHÔNG phải tin mới (Thời gian: Đăng2 tuần trước). Tiếp tục tìm kiếm.
Bỏ qua tin tuyển dụng KHÔNG phải tin mới (Thời gian: Đăng1 tháng trước). Tiếp tục tìm kiếm.
Bỏ qua tin tuyển dụng KHÔNG phải tin mới (Thời gian: Đăng2 tuần trước). Tiếp tục tìm kiếm.
Bỏ qua tin tuyển dụng KHÔNG phải tin mới (Thời gian: Đăng2 tuần trước). Tiếp tục tìm kiếm.
Bỏ qua tin tuyển dụng KHÔNG phải tin mới (Thời gian: Đăng2 tuần trước). Tiếp tục tìm kiếm.
Bỏ qua tin tuyển dụng KHÔNG phải tin mới (Thời gian: Đăng2 tuần trước). Tiếp tục tìm kiếm.
Bỏ qua tin tuyển dụng KHÔNG phải tin mới (Thời gian: Đăng2 tuần trước). Tiếp tục tìm kiếm.
Bỏ qua tin tuyển dụng KHÔNG phải tin mới (Thời gian: Đăng2 tuần trước). Tiếp tục tìm kiếm.
Bỏ qua tin tuyển dụng KHÔNG phải tin mới (Thời gian: Đăng2 tuần trước). Tiếp tục tìm kiếm.
Bỏ qua tin tuyển dụng KHÔNG phải tin mới (Thời gian: Đăng2 tuần trước). Tiếp tục tìm kiếm.
Bỏ qua tin tuyển dụng KHÔNG phải tin mới (Thời gian: Đăng2 tuần trước). Tiếp tục tìm kiếm.
Bỏ qua tin tuyển dụng KHÔNG phải tin mới (Thời gian: Đăng2 tuần trước). Tiếp tục tìm kiếm.
Bỏ qua tin tuyển dụng KHÔNG phải tin mới (Thời gian: Đăng2 tuần trước). Tiếp tục tìm kiếm.
Bỏ qua tin tuyển dụng KHÔNG phải tin mới (Thời gian: Đăng2 tuần trước). Tiếp tục tìm kiếm.
Bỏ qua tin tuyển dụng KHÔNG phải tin mới (Thời gian: Đăng2 tuần trước). Tiếp tục tìm kiếm.
Bỏ qua tin tuyển dụng KHÔNG phải tin mới (Thời gian: Đăng2 tuần trước). Tiếp tục tìm kiếm.
Bỏ qua tin tuyển dụng KHÔNG phải tin mới (Thời gian: Đăng2 tuần trước). Tiếp tục tìm kiếm.
Bỏ qua tin tuyển dụng KHÔNG phải tin mới (Thời gian: Đăng2 tuần trước). Tiếp tục tìm kiếm.
Bỏ qua tin tuyển dụng KHÔNG phải tin mới (Thời gian: Đăng2 tuần trước). Tiếp tục tìm kiếm.
Bỏ qua tin tuyển dụng KHÔNG phải tin mới (Thời gian: Đăng2 tuần trước). Tiếp tục tìm kiếm.
Bỏ qua tin tuyển dụng KHÔNG phải tin mới (Thời gian: Đăng2 tuần trước). Tiếp tục tìm kiếm.
Bỏ qua tin tuyển dụng KHÔNG phải tin mới (Thời gian: Đăng2 tuần trước). Tiếp tục tìm kiếm.
Bỏ qua tin tuyển dụng KHÔNG phải tin mới (Thời gian: Đăng2 tuần trước). Tiếp tục tìm kiếm.
Bỏ qua tin tuyển dụng KHÔNG phải tin mới (Thời gian: Đăng2 tuần trước). Tiếp tục tìm kiếm.
Bỏ qua tin tuyển dụng KHÔNG phải tin mới (Thời gian: Đăng2 tuần trước). Tiếp tục tìm kiếm.
Bỏ qua tin tuyển dụng KHÔNG phải tin mới (Thời gian: Đăng3 tuần trước). Tiếp tục tìm kiếm.
Bỏ qua tin tuyển dụng KHÔNG phải tin mới (Thời gian: Đăng3 tuần trước). Tiếp tục tìm kiếm.
Bỏ qua tin tuyển dụng KHÔNG phải tin mới (Thời gian: Đăng3 tuần trước). Tiếp tục tìm kiếm.
Bỏ qua tin tuyển dụng KHÔNG phải tin mới (Thời gian: Đăng3 tuần trước). Tiếp tục tìm kiếm.
Bỏ qua tin tuyển dụng KHÔNG phải tin mới (Thời gian: Đăng3 tuần trước). Tiếp tục tìm kiếm.
Bỏ qua tin tuyển dụng KHÔNG phải tin mới (Thời gian: Đăng3 tuần trước). Tiếp tục tìm kiếm.
Bỏ qua tin tuyển dụng KHÔNG phải tin mới (Thời gian: Đăng3 tuần trước). Tiếp tục tìm kiếm.
Bỏ qua tin tuyển dụng KHÔNG phải tin mới (Thời gian: Đăng1 tháng trước). Tiếp tục tìm kiếm.
Bỏ qua tin tuyển dụng KHÔNG phải tin mới (Thời gian: Đăng3 tuần trước). Tiếp tục tìm kiếm.
Hoàn thành trích xuất Trang 64. Đã thêm 1 công việc. Tổng số BẢN GHI (đã nhân bản): 2618.
Tạm dừng 10.68 giây trước khi chuyển sang trang tiếp theo.

--- Đang gửi GET Request cho Trang 65 tại URL: https://www.topcv.vn/tim-viec-lam-moi-nhat?sort=new&type_keyword=1&sba=1&page=65 ---
Bỏ qua tin tuyển dụng KHÔNG phải tin mới (Thời gian: Đăng3 tuần trước). Tiếp tục tìm kiếm.
Bỏ qua tin tuyển dụng KHÔNG phải tin mới (Thời gian: Đăng3 tuần trước). Tiếp tục tìm kiếm.
Bỏ qua tin tuyển dụng KHÔNG phải tin mới (Thời gian: Đăng3 tuần trước). Tiếp tục tìm kiếm.
Bỏ qua tin tuyển dụng KHÔNG phải tin mới (Thời gian: Đăng3 tuần trước). Tiếp tục tìm kiếm.
Bỏ qua tin tuyển dụng KHÔNG phải tin mới (Thời gian: Đăng3 tuần trước). Tiếp tục tìm kiếm.
Bỏ qua tin tuyển dụng KHÔNG phải tin mới (Thời gian: Đăng3 tuần trước). Tiếp tục tìm kiếm.
Bỏ qua tin tuyển dụng KHÔNG phải tin mới (Thời gian: Đăng3 tuần trước). Tiếp tục tìm kiếm.
Bỏ qua tin tuyển dụng KHÔNG phải tin mới (Thời gian: Đăng3 tuần trước). Tiếp tục tìm kiếm.
Bỏ qua tin tuyển dụng KHÔNG phải tin mới (Thời gian: Đăng3 tuần trước). Tiếp tục tìm kiếm.
Bỏ qua tin tuyển dụng KHÔNG phải tin mới (Thời gian: Đăng3 tuần trước). Tiếp tục tìm kiếm.
Bỏ qua tin tuyển dụng KHÔNG phải tin mới (Thời gian: Đăng3 tuần trước). Tiếp tục tìm kiếm.
Bỏ qua tin tuyển dụng KHÔNG phải tin mới (Thời gian: Đăng3 tuần trước). Tiếp tục tìm kiếm.
Bỏ qua tin tuyển dụng KHÔNG phải tin mới (Thời gian: Đăng3 tuần trước). Tiếp tục tìm kiếm.
Bỏ qua tin tuyển dụng KHÔNG phải tin mới (Thời gian: Đăng3 tuần trước). Tiếp tục tìm kiếm.
Bỏ qua tin tuyển dụng KHÔNG phải tin mới (Thời gian: Đăng3 tuần trước). Tiếp tục tìm kiếm.
Bỏ qua tin tuyển dụng KHÔNG phải tin mới (Thời gian: Đăng3 tuần trước). Tiếp tục tìm kiếm.
Bỏ qua tin tuyển dụng KHÔNG phải tin mới (Thời gian: Đăng1 tháng trước). Tiếp tục tìm kiếm.
Bỏ qua tin tuyển dụng KHÔNG phải tin mới (Thời gian: Đăng3 tuần trước). Tiếp tục tìm kiếm.
Bỏ qua tin tuyển dụng KHÔNG phải tin mới (Thời gian: Đăng3 tuần trước). Tiếp tục tìm kiếm.
Bỏ qua tin tuyển dụng KHÔNG phải tin mới (Thời gian: Đăng3 tuần trước). Tiếp tục tìm kiếm.
Bỏ qua tin tuyển dụng KHÔNG phải tin mới (Thời gian: Đăng3 tuần trước). Tiếp tục tìm kiếm.
Bỏ qua tin tuyển dụng KHÔNG phải tin mới (Thời gian: Đăng3 tuần trước). Tiếp tục tìm kiếm.
Bỏ qua tin tuyển dụng KHÔNG phải tin mới (Thời gian: Đăng3 tuần trước). Tiếp tục tìm kiếm.
Bỏ qua tin tuyển dụng KHÔNG phải tin mới (Thời gian: Đăng3 tuần trước). Tiếp tục tìm kiếm.
Bỏ qua tin tuyển dụng KHÔNG phải tin mới (Thời gian: Đăng3 tuần trước). Tiếp tục tìm kiếm.
Bỏ qua tin tuyển dụng KHÔNG phải tin mới (Thời gian: Đăng1 tuần trước). Tiếp tục tìm kiếm.
Bỏ qua tin tuyển dụng KHÔNG phải tin mới (Thời gian: Đăng3 tuần trước). Tiếp tục tìm kiếm.
Bỏ qua tin tuyển dụng KHÔNG phải tin mới (Thời gian: Đăng3 tuần trước). Tiếp tục tìm kiếm.
Bỏ qua tin tuyển dụng KHÔNG phải tin mới (Thời gian: Đăng3 tuần trước). Tiếp tục tìm kiếm.
Bỏ qua tin tuyển dụng KHÔNG phải tin mới (Thời gian: Đăng3 tuần trước). Tiếp tục tìm kiếm.
Bỏ qua tin tuyển dụng KHÔNG phải tin mới (Thời gian: Đăng3 tuần trước). Tiếp tục tìm kiếm.
Bỏ qua tin tuyển dụng KHÔNG phải tin mới (Thời gian: Đăng3 tuần trước). Tiếp tục tìm kiếm.
Bỏ qua tin tuyển dụng KHÔNG phải tin mới (Thời gian: Đăng3 tuần trước). Tiếp tục tìm kiếm.
Bỏ qua tin tuyển dụng KHÔNG phải tin mới (Thời gian: Đăng3 tuần trước). Tiếp tục tìm kiếm.
Bỏ qua tin tuyển dụng KHÔNG phải tin mới (Thời gian: Đăng3 tuần trước). Tiếp tục tìm kiếm.
Bỏ qua tin tuyển dụng KHÔNG phải tin mới (Thời gian: Đăng3 tuần trước). Tiếp tục tìm kiếm.
Bỏ qua tin tuyển dụng KHÔNG phải tin mới (Thời gian: Đăng1 tháng trước). Tiếp tục tìm kiếm.
Bỏ qua tin tuyển dụng KHÔNG phải tin mới (Thời gian: Đăng3 tuần trước). Tiếp tục tìm kiếm.
Bỏ qua tin tuyển dụng KHÔNG phải tin mới (Thời gian: Đăng1 tháng trước). Tiếp tục tìm kiếm.
Bỏ qua tin tuyển dụng KHÔNG phải tin mới (Thời gian: Đăng3 tuần trước). Tiếp tục tìm kiếm.
Bỏ qua tin tuyển dụng KHÔNG phải tin mới (Thời gian: Đăng3 tuần trước). Tiếp tục tìm kiếm.
Bỏ qua tin tuyển dụng KHÔNG phải tin mới (Thời gian: Đăng3 tuần trước). Tiếp tục tìm kiếm.
Bỏ qua tin tuyển dụng KHÔNG phải tin mới (Thời gian: Đăng3 tuần trước). Tiếp tục tìm kiếm.
Bỏ qua tin tuyển dụng KHÔNG phải tin mới (Thời gian: Đăng3 tuần trước). Tiếp tục tìm kiếm.
Hoàn thành trích xuất Trang 65. Đã thêm 6 công việc. Tổng số BẢN GHI (đã nhân bản): 2627.
Tạm dừng 8.22 giây trước khi chuyển sang trang tiếp theo.

--- Đang gửi GET Request cho Trang 66 tại URL: https://www.topcv.vn/tim-viec-lam-moi-nhat?sort=new&type_keyword=1&sba=1&page=66 ---
Bỏ qua tin tuyển dụng KHÔNG phải tin mới (Thời gian: Đăng3 tuần trước). Tiếp tục tìm kiếm.
Bỏ qua tin tuyển dụng KHÔNG phải tin mới (Thời gian: Đăng3 tuần trước). Tiếp tục tìm kiếm.
Bỏ qua tin tuyển dụng KHÔNG phải tin mới (Thời gian: Đăng3 tuần trước). Tiếp tục tìm kiếm.
Bỏ qua tin tuyển dụng KHÔNG phải tin mới (Thời gian: Đăng1 tháng trước). Tiếp tục tìm kiếm.
Bỏ qua tin tuyển dụng KHÔNG phải tin mới (Thời gian: Đăng3 tuần trước). Tiếp tục tìm kiếm.
Bỏ qua tin tuyển dụng KHÔNG phải tin mới (Thời gian: Đăng1 tuần trước). Tiếp tục tìm kiếm.
Bỏ qua tin tuyển dụng KHÔNG phải tin mới (Thời gian: Đăng3 tuần trước). Tiếp tục tìm kiếm.
Bỏ qua tin tuyển dụng KHÔNG phải tin mới (Thời gian: Đăng3 tuần trước). Tiếp tục tìm kiếm.
Bỏ qua tin tuyển dụng KHÔNG phải tin mới (Thời gian: Đăng3 tuần trước). Tiếp tục tìm kiếm.
Bỏ qua tin tuyển dụng KHÔNG phải tin mới (Thời gian: Đăng3 tuần trước). Tiếp tục tìm kiếm.
Bỏ qua tin tuyển dụng KHÔNG phải tin mới (Thời gian: Đăng3 tuần trước). Tiếp tục tìm kiếm.
Bỏ qua tin tuyển dụng KHÔNG phải tin mới (Thời gian: Đăng3 tuần trước). Tiếp tục tìm kiếm.
Bỏ qua tin tuyển dụng KHÔNG phải tin mới (Thời gian: Đăng3 tuần trước). Tiếp tục tìm kiếm.
Bỏ qua tin tuyển dụng KHÔNG phải tin mới (Thời gian: Đăng1 tháng trước). Tiếp tục tìm kiếm.
Bỏ qua tin tuyển dụng KHÔNG phải tin mới (Thời gian: Đăng3 tuần trước). Tiếp tục tìm kiếm.
Bỏ qua tin tuyển dụng KHÔNG phải tin mới (Thời gian: Đăng1 tuần trước). Tiếp tục tìm kiếm.
Bỏ qua tin tuyển dụng KHÔNG phải tin mới (Thời gian: Đăng3 tuần trước). Tiếp tục tìm kiếm.
Bỏ qua tin tuyển dụng KHÔNG phải tin mới (Thời gian: Đăng3 tuần trước). Tiếp tục tìm kiếm.
Bỏ qua tin tuyển dụng KHÔNG phải tin mới (Thời gian: Đăng3 tuần trước). Tiếp tục tìm kiếm.
Bỏ qua tin tuyển dụng KHÔNG phải tin mới (Thời gian: Đăng3 tuần trước). Tiếp tục tìm kiếm.
Bỏ qua tin tuyển dụng KHÔNG phải tin mới (Thời gian: Đăng3 tuần trước). Tiếp tục tìm kiếm.
Bỏ qua tin tuyển dụng KHÔNG phải tin mới (Thời gian: Đăng3 tuần trước). Tiếp tục tìm kiếm.
Bỏ qua tin tuyển dụng KHÔNG phải tin mới (Thời gian: Đăng1 tháng trước). Tiếp tục tìm kiếm.
Bỏ qua tin tuyển dụng KHÔNG phải tin mới (Thời gian: Đăng3 tuần trước). Tiếp tục tìm kiếm.
Bỏ qua tin tuyển dụng KHÔNG phải tin mới (Thời gian: Đăng3 tuần trước). Tiếp tục tìm kiếm.
Bỏ qua tin tuyển dụng KHÔNG phải tin mới (Thời gian: Đăng3 tuần trước). Tiếp tục tìm kiếm.
Bỏ qua tin tuyển dụng KHÔNG phải tin mới (Thời gian: Đăng3 tuần trước). Tiếp tục tìm kiếm.
Bỏ qua tin tuyển dụng KHÔNG phải tin mới (Thời gian: Đăng3 tuần trước). Tiếp tục tìm kiếm.
Bỏ qua tin tuyển dụng KHÔNG phải tin mới (Thời gian: Đăng3 tuần trước). Tiếp tục tìm kiếm.
Bỏ qua tin tuyển dụng KHÔNG phải tin mới (Thời gian: Đăng3 tuần trước). Tiếp tục tìm kiếm.
Bỏ qua tin tuyển dụng KHÔNG phải tin mới (Thời gian: Đăng3 tuần trước). Tiếp tục tìm kiếm.
Bỏ qua tin tuyển dụng KHÔNG phải tin mới (Thời gian: Đăng3 tuần trước). Tiếp tục tìm kiếm.
Bỏ qua tin tuyển dụng KHÔNG phải tin mới (Thời gian: Đăng3 tuần trước). Tiếp tục tìm kiếm.
Bỏ qua tin tuyển dụng KHÔNG phải tin mới (Thời gian: Đăng3 tuần trước). Tiếp tục tìm kiếm.
Bỏ qua tin tuyển dụng KHÔNG phải tin mới (Thời gian: Đăng1 tháng trước). Tiếp tục tìm kiếm.
Bỏ qua tin tuyển dụng KHÔNG phải tin mới (Thời gian: Đăng3 tuần trước). Tiếp tục tìm kiếm.
Bỏ qua tin tuyển dụng KHÔNG phải tin mới (Thời gian: Đăng1 tháng trước). Tiếp tục tìm kiếm.
Bỏ qua tin tuyển dụng KHÔNG phải tin mới (Thời gian: Đăng3 tuần trước). Tiếp tục tìm kiếm.
Bỏ qua tin tuyển dụng KHÔNG phải tin mới (Thời gian: Đăng1 tháng trước). Tiếp tục tìm kiếm.
Bỏ qua tin tuyển dụng KHÔNG phải tin mới (Thời gian: Đăng1 tháng trước). Tiếp tục tìm kiếm.
Bỏ qua tin tuyển dụng KHÔNG phải tin mới (Thời gian: Đăng3 tuần trước). Tiếp tục tìm kiếm.
Bỏ qua tin tuyển dụng KHÔNG phải tin mới (Thời gian: Đăng1 tháng trước). Tiếp tục tìm kiếm.
Bỏ qua tin tuyển dụng KHÔNG phải tin mới (Thời gian: Đăng3 tuần trước). Tiếp tục tìm kiếm.
Bỏ qua tin tuyển dụng KHÔNG phải tin mới (Thời gian: Đăng3 tuần trước). Tiếp tục tìm kiếm.
Bỏ qua tin tuyển dụng KHÔNG phải tin mới (Thời gian: Đăng3 tuần trước). Tiếp tục tìm kiếm.
Bỏ qua tin tuyển dụng KHÔNG phải tin mới (Thời gian: Đăng3 tuần trước). Tiếp tục tìm kiếm.
Bỏ qua tin tuyển dụng KHÔNG phải tin mới (Thời gian: Đăng3 tuần trước). Tiếp tục tìm kiếm.
Bỏ qua tin tuyển dụng KHÔNG phải tin mới (Thời gian: Đăng3 tuần trước). Tiếp tục tìm kiếm.
Bỏ qua tin tuyển dụng KHÔNG phải tin mới (Thời gian: Đăng3 tuần trước). Tiếp tục tìm kiếm.
Bỏ qua tin tuyển dụng KHÔNG phải tin mới (Thời gian: Đăng3 tuần trước). Tiếp tục tìm kiếm.
Hoàn thành trích xuất Trang 66. Đã thêm 0 công việc. Tổng số BẢN GHI (đã nhân bản): 2627.
Tạm dừng 7.51 giây trước khi chuyển sang trang tiếp theo.

--- Đang gửi GET Request cho Trang 67 tại URL: https://www.topcv.vn/tim-viec-lam-moi-nhat?sort=new&type_keyword=1&sba=1&page=67 ---
Bỏ qua tin tuyển dụng KHÔNG phải tin mới (Thời gian: Đăng3 tuần trước). Tiếp tục tìm kiếm.
Bỏ qua tin tuyển dụng KHÔNG phải tin mới (Thời gian: Đăng3 tuần trước). Tiếp tục tìm kiếm.
Bỏ qua tin tuyển dụng KHÔNG phải tin mới (Thời gian: Đăng1 tuần trước). Tiếp tục tìm kiếm.
Bỏ qua tin tuyển dụng KHÔNG phải tin mới (Thời gian: Đăng3 tuần trước). Tiếp tục tìm kiếm.
Bỏ qua tin tuyển dụng KHÔNG phải tin mới (Thời gian: Đăng3 tuần trước). Tiếp tục tìm kiếm.
Bỏ qua tin tuyển dụng KHÔNG phải tin mới (Thời gian: Đăng3 tuần trước). Tiếp tục tìm kiếm.
Bỏ qua tin tuyển dụng KHÔNG phải tin mới (Thời gian: Đăng3 tuần trước). Tiếp tục tìm kiếm.
Bỏ qua tin tuyển dụng KHÔNG phải tin mới (Thời gian: Đăng3 tuần trước). Tiếp tục tìm kiếm.
Bỏ qua tin tuyển dụng KHÔNG phải tin mới (Thời gian: Đăng3 tuần trước). Tiếp tục tìm kiếm.
Bỏ qua tin tuyển dụng KHÔNG phải tin mới (Thời gian: Đăng3 tuần trước). Tiếp tục tìm kiếm.
Bỏ qua tin tuyển dụng KHÔNG phải tin mới (Thời gian: Đăng3 tuần trước). Tiếp tục tìm kiếm.
Bỏ qua tin tuyển dụng KHÔNG phải tin mới (Thời gian: Đăng3 tuần trước). Tiếp tục tìm kiếm.
Bỏ qua tin tuyển dụng KHÔNG phải tin mới (Thời gian: Đăng3 tuần trước). Tiếp tục tìm kiếm.
Bỏ qua tin tuyển dụng KHÔNG phải tin mới (Thời gian: Đăng3 tuần trước). Tiếp tục tìm kiếm.
Bỏ qua tin tuyển dụng KHÔNG phải tin mới (Thời gian: Đăng3 tuần trước). Tiếp tục tìm kiếm.
Bỏ qua tin tuyển dụng KHÔNG phải tin mới (Thời gian: Đăng3 tuần trước). Tiếp tục tìm kiếm.
Bỏ qua tin tuyển dụng KHÔNG phải tin mới (Thời gian: Đăng4 tuần trước). Tiếp tục tìm kiếm.
Bỏ qua tin tuyển dụng KHÔNG phải tin mới (Thời gian: Đăng1 tháng trước). Tiếp tục tìm kiếm.
Bỏ qua tin tuyển dụng KHÔNG phải tin mới (Thời gian: Đăng3 tuần trước). Tiếp tục tìm kiếm.
Bỏ qua tin tuyển dụng KHÔNG phải tin mới (Thời gian: Đăng1 tháng trước). Tiếp tục tìm kiếm.
Bỏ qua tin tuyển dụng KHÔNG phải tin mới (Thời gian: Đăng3 tuần trước). Tiếp tục tìm kiếm.
Bỏ qua tin tuyển dụng KHÔNG phải tin mới (Thời gian: Đăng1 tháng trước). Tiếp tục tìm kiếm.
Bỏ qua tin tuyển dụng KHÔNG phải tin mới (Thời gian: Đăng4 tuần trước). Tiếp tục tìm kiếm.
Bỏ qua tin tuyển dụng KHÔNG phải tin mới (Thời gian: Đăng4 tuần trước). Tiếp tục tìm kiếm.
Bỏ qua tin tuyển dụng KHÔNG phải tin mới (Thời gian: Đăng4 tuần trước). Tiếp tục tìm kiếm.
Bỏ qua tin tuyển dụng KHÔNG phải tin mới (Thời gian: Đăng4 tuần trước). Tiếp tục tìm kiếm.
Bỏ qua tin tuyển dụng KHÔNG phải tin mới (Thời gian: Đăng1 tháng trước). Tiếp tục tìm kiếm.
Bỏ qua tin tuyển dụng KHÔNG phải tin mới (Thời gian: Đăng4 tuần trước). Tiếp tục tìm kiếm.
Bỏ qua tin tuyển dụng KHÔNG phải tin mới (Thời gian: Đăng1 tháng trước). Tiếp tục tìm kiếm.
Bỏ qua tin tuyển dụng KHÔNG phải tin mới (Thời gian: Đăng1 tháng trước). Tiếp tục tìm kiếm.
Bỏ qua tin tuyển dụng KHÔNG phải tin mới (Thời gian: Đăng1 tháng trước). Tiếp tục tìm kiếm.
Bỏ qua tin tuyển dụng KHÔNG phải tin mới (Thời gian: Đăng1 tháng trước). Tiếp tục tìm kiếm.
Bỏ qua tin tuyển dụng KHÔNG phải tin mới (Thời gian: Đăng1 tuần trước). Tiếp tục tìm kiếm.
Bỏ qua tin tuyển dụng KHÔNG phải tin mới (Thời gian: Đăng1 tháng trước). Tiếp tục tìm kiếm.
Bỏ qua tin tuyển dụng KHÔNG phải tin mới (Thời gian: Đăng1 tháng trước). Tiếp tục tìm kiếm.
Bỏ qua tin tuyển dụng KHÔNG phải tin mới (Thời gian: Đăng1 tháng trước). Tiếp tục tìm kiếm.
Bỏ qua tin tuyển dụng KHÔNG phải tin mới (Thời gian: Đăng1 tháng trước). Tiếp tục tìm kiếm.
Bỏ qua tin tuyển dụng KHÔNG phải tin mới (Thời gian: Đăng1 tháng trước). Tiếp tục tìm kiếm.
Bỏ qua tin tuyển dụng KHÔNG phải tin mới (Thời gian: Đăng1 tuần trước). Tiếp tục tìm kiếm.
Bỏ qua tin tuyển dụng KHÔNG phải tin mới (Thời gian: Đăng1 tháng trước). Tiếp tục tìm kiếm.
Bỏ qua tin tuyển dụng KHÔNG phải tin mới (Thời gian: Đăng1 tháng trước). Tiếp tục tìm kiếm.
Bỏ qua tin tuyển dụng KHÔNG phải tin mới (Thời gian: Đăng1 tháng trước). Tiếp tục tìm kiếm.
Bỏ qua tin tuyển dụng KHÔNG phải tin mới (Thời gian: Đăng1 tháng trước). Tiếp tục tìm kiếm.
Bỏ qua tin tuyển dụng KHÔNG phải tin mới (Thời gian: Đăng1 tháng trước). Tiếp tục tìm kiếm.
Bỏ qua tin tuyển dụng KHÔNG phải tin mới (Thời gian: Đăng1 tháng trước). Tiếp tục tìm kiếm.
Bỏ qua tin tuyển dụng KHÔNG phải tin mới (Thời gian: Đăng1 tháng trước). Tiếp tục tìm kiếm.
Bỏ qua tin tuyển dụng KHÔNG phải tin mới (Thời gian: Đăng1 tháng trước). Tiếp tục tìm kiếm.
Bỏ qua tin tuyển dụng KHÔNG phải tin mới (Thời gian: Đăng1 tháng trước). Tiếp tục tìm kiếm.
Bỏ qua tin tuyển dụng KHÔNG phải tin mới (Thời gian: Đăng1 tháng trước). Tiếp tục tìm kiếm.
Hoàn thành trích xuất Trang 67. Đã thêm 1 công việc. Tổng số BẢN GHI (đã nhân bản): 2628.
Tạm dừng 6.36 giây trước khi chuyển sang trang tiếp theo.

--- Đang gửi GET Request cho Trang 68 tại URL: https://www.topcv.vn/tim-viec-lam-moi-nhat?sort=new&type_keyword=1&sba=1&page=68 ---
Bỏ qua tin tuyển dụng KHÔNG phải tin mới (Thời gian: Đăng1 tháng trước). Tiếp tục tìm kiếm.
Bỏ qua tin tuyển dụng KHÔNG phải tin mới (Thời gian: Đăng1 tháng trước). Tiếp tục tìm kiếm.
Bỏ qua tin tuyển dụng KHÔNG phải tin mới (Thời gian: Đăng1 tháng trước). Tiếp tục tìm kiếm.
Bỏ qua tin tuyển dụng KHÔNG phải tin mới (Thời gian: Đăng1 tháng trước). Tiếp tục tìm kiếm.
Bỏ qua tin tuyển dụng KHÔNG phải tin mới (Thời gian: Đăng1 tháng trước). Tiếp tục tìm kiếm.
Bỏ qua tin tuyển dụng KHÔNG phải tin mới (Thời gian: Đăng1 tháng trước). Tiếp tục tìm kiếm.
Bỏ qua tin tuyển dụng KHÔNG phải tin mới (Thời gian: Đăng1 tháng trước). Tiếp tục tìm kiếm.
Bỏ qua tin tuyển dụng KHÔNG phải tin mới (Thời gian: Đăng1 tháng trước). Tiếp tục tìm kiếm.
Bỏ qua tin tuyển dụng KHÔNG phải tin mới (Thời gian: Đăng1 tháng trước). Tiếp tục tìm kiếm.
Bỏ qua tin tuyển dụng KHÔNG phải tin mới (Thời gian: Đăng1 tháng trước). Tiếp tục tìm kiếm.
Bỏ qua tin tuyển dụng KHÔNG phải tin mới (Thời gian: Đăng1 tháng trước). Tiếp tục tìm kiếm.
Bỏ qua tin tuyển dụng KHÔNG phải tin mới (Thời gian: Đăng1 tháng trước). Tiếp tục tìm kiếm.
Bỏ qua tin tuyển dụng KHÔNG phải tin mới (Thời gian: Đăng1 tháng trước). Tiếp tục tìm kiếm.
Bỏ qua tin tuyển dụng KHÔNG phải tin mới (Thời gian: Đăng1 tháng trước). Tiếp tục tìm kiếm.
Bỏ qua tin tuyển dụng KHÔNG phải tin mới (Thời gian: Đăng1 tháng trước). Tiếp tục tìm kiếm.
Bỏ qua tin tuyển dụng KHÔNG phải tin mới (Thời gian: Đăng1 tháng trước). Tiếp tục tìm kiếm.
Bỏ qua tin tuyển dụng KHÔNG phải tin mới (Thời gian: Đăng1 tháng trước). Tiếp tục tìm kiếm.
Bỏ qua tin tuyển dụng KHÔNG phải tin mới (Thời gian: Đăng1 tháng trước). Tiếp tục tìm kiếm.
Bỏ qua tin tuyển dụng KHÔNG phải tin mới (Thời gian: Đăng1 tháng trước). Tiếp tục tìm kiếm.
Bỏ qua tin tuyển dụng KHÔNG phải tin mới (Thời gian: Đăng1 tháng trước). Tiếp tục tìm kiếm.
Bỏ qua tin tuyển dụng KHÔNG phải tin mới (Thời gian: Đăng1 tháng trước). Tiếp tục tìm kiếm.
Bỏ qua tin tuyển dụng KHÔNG phải tin mới (Thời gian: Đăng1 tháng trước). Tiếp tục tìm kiếm.
Bỏ qua tin tuyển dụng KHÔNG phải tin mới (Thời gian: Đăng1 tháng trước). Tiếp tục tìm kiếm.
Bỏ qua tin tuyển dụng KHÔNG phải tin mới (Thời gian: Đăng1 tháng trước). Tiếp tục tìm kiếm.
Bỏ qua tin tuyển dụng KHÔNG phải tin mới (Thời gian: Đăng1 tháng trước). Tiếp tục tìm kiếm.
Bỏ qua tin tuyển dụng KHÔNG phải tin mới (Thời gian: Đăng1 tháng trước). Tiếp tục tìm kiếm.
Bỏ qua tin tuyển dụng KHÔNG phải tin mới (Thời gian: Đăng1 tháng trước). Tiếp tục tìm kiếm.
Bỏ qua tin tuyển dụng KHÔNG phải tin mới (Thời gian: Đăng1 tháng trước). Tiếp tục tìm kiếm.
Bỏ qua tin tuyển dụng KHÔNG phải tin mới (Thời gian: Đăng1 tháng trước). Tiếp tục tìm kiếm.
Bỏ qua tin tuyển dụng KHÔNG phải tin mới (Thời gian: Đăng1 tháng trước). Tiếp tục tìm kiếm.
Bỏ qua tin tuyển dụng KHÔNG phải tin mới (Thời gian: Đăng1 tháng trước). Tiếp tục tìm kiếm.
Bỏ qua tin tuyển dụng KHÔNG phải tin mới (Thời gian: Đăng1 tháng trước). Tiếp tục tìm kiếm.
Bỏ qua tin tuyển dụng KHÔNG phải tin mới (Thời gian: Đăng1 tháng trước). Tiếp tục tìm kiếm.
Bỏ qua tin tuyển dụng KHÔNG phải tin mới (Thời gian: Đăng1 tháng trước). Tiếp tục tìm kiếm.
Bỏ qua tin tuyển dụng KHÔNG phải tin mới (Thời gian: Đăng1 tháng trước). Tiếp tục tìm kiếm.
Bỏ qua tin tuyển dụng KHÔNG phải tin mới (Thời gian: Đăng1 tháng trước). Tiếp tục tìm kiếm.
Bỏ qua tin tuyển dụng KHÔNG phải tin mới (Thời gian: Đăng1 tháng trước). Tiếp tục tìm kiếm.
Bỏ qua tin tuyển dụng KHÔNG phải tin mới (Thời gian: Đăng1 tháng trước). Tiếp tục tìm kiếm.
Bỏ qua tin tuyển dụng KHÔNG phải tin mới (Thời gian: Đăng1 tháng trước). Tiếp tục tìm kiếm.
Bỏ qua tin tuyển dụng KHÔNG phải tin mới (Thời gian: Đăng1 tháng trước). Tiếp tục tìm kiếm.
Bỏ qua tin tuyển dụng KHÔNG phải tin mới (Thời gian: Đăng1 tháng trước). Tiếp tục tìm kiếm.
Bỏ qua tin tuyển dụng KHÔNG phải tin mới (Thời gian: Đăng1 tháng trước). Tiếp tục tìm kiếm.
Bỏ qua tin tuyển dụng KHÔNG phải tin mới (Thời gian: Đăng1 tháng trước). Tiếp tục tìm kiếm.
Bỏ qua tin tuyển dụng KHÔNG phải tin mới (Thời gian: Đăng1 tháng trước). Tiếp tục tìm kiếm.
Bỏ qua tin tuyển dụng KHÔNG phải tin mới (Thời gian: Đăng1 tháng trước). Tiếp tục tìm kiếm.
Bỏ qua tin tuyển dụng KHÔNG phải tin mới (Thời gian: Đăng1 tháng trước). Tiếp tục tìm kiếm.
Hoàn thành trích xuất Trang 68. Đã thêm 4 công việc. Tổng số BẢN GHI (đã nhân bản): 2634.
Tạm dừng 5.50 giây trước khi chuyển sang trang tiếp theo.

--- Đang gửi GET Request cho Trang 69 tại URL: https://www.topcv.vn/tim-viec-lam-moi-nhat?sort=new&type_keyword=1&sba=1&page=69 ---
Bỏ qua tin tuyển dụng KHÔNG phải tin mới (Thời gian: Đăng1 tháng trước). Tiếp tục tìm kiếm.
Bỏ qua tin tuyển dụng KHÔNG phải tin mới (Thời gian: Đăng1 tuần trước). Tiếp tục tìm kiếm.
Bỏ qua tin tuyển dụng KHÔNG phải tin mới (Thời gian: Đăng1 tháng trước). Tiếp tục tìm kiếm.
Bỏ qua tin tuyển dụng KHÔNG phải tin mới (Thời gian: Đăng1 tháng trước). Tiếp tục tìm kiếm.
Bỏ qua tin tuyển dụng KHÔNG phải tin mới (Thời gian: Đăng1 tháng trước). Tiếp tục tìm kiếm.
Bỏ qua tin tuyển dụng KHÔNG phải tin mới (Thời gian: Đăng1 tuần trước). Tiếp tục tìm kiếm.
Bỏ qua tin tuyển dụng KHÔNG phải tin mới (Thời gian: Đăng1 tháng trước). Tiếp tục tìm kiếm.
Bỏ qua tin tuyển dụng KHÔNG phải tin mới (Thời gian: Đăng1 tháng trước). Tiếp tục tìm kiếm.
Bỏ qua tin tuyển dụng KHÔNG phải tin mới (Thời gian: Đăng1 tuần trước). Tiếp tục tìm kiếm.
Bỏ qua tin tuyển dụng KHÔNG phải tin mới (Thời gian: Đăng1 tháng trước). Tiếp tục tìm kiếm.
Bỏ qua tin tuyển dụng KHÔNG phải tin mới (Thời gian: Đăng1 tháng trước). Tiếp tục tìm kiếm.
Bỏ qua tin tuyển dụng KHÔNG phải tin mới (Thời gian: Đăng1 tháng trước). Tiếp tục tìm kiếm.
Bỏ qua tin tuyển dụng KHÔNG phải tin mới (Thời gian: Đăng1 tháng trước). Tiếp tục tìm kiếm.
Bỏ qua tin tuyển dụng KHÔNG phải tin mới (Thời gian: Đăng1 tháng trước). Tiếp tục tìm kiếm.
Bỏ qua tin tuyển dụng KHÔNG phải tin mới (Thời gian: Đăng1 tuần trước). Tiếp tục tìm kiếm.
Bỏ qua tin tuyển dụng KHÔNG phải tin mới (Thời gian: Đăng1 tháng trước). Tiếp tục tìm kiếm.
Bỏ qua tin tuyển dụng KHÔNG phải tin mới (Thời gian: Đăng1 tháng trước). Tiếp tục tìm kiếm.
Bỏ qua tin tuyển dụng KHÔNG phải tin mới (Thời gian: Đăng1 tháng trước). Tiếp tục tìm kiếm.
Bỏ qua tin tuyển dụng KHÔNG phải tin mới (Thời gian: Đăng1 tháng trước). Tiếp tục tìm kiếm.
Bỏ qua tin tuyển dụng KHÔNG phải tin mới (Thời gian: Đăng1 tháng trước). Tiếp tục tìm kiếm.
Bỏ qua tin tuyển dụng KHÔNG phải tin mới (Thời gian: Đăng1 tháng trước). Tiếp tục tìm kiếm.
Bỏ qua tin tuyển dụng KHÔNG phải tin mới (Thời gian: Đăng1 tháng trước). Tiếp tục tìm kiếm.
Bỏ qua tin tuyển dụng KHÔNG phải tin mới (Thời gian: Đăng1 tháng trước). Tiếp tục tìm kiếm.
Bỏ qua tin tuyển dụng KHÔNG phải tin mới (Thời gian: Đăng3 tuần trước). Tiếp tục tìm kiếm.
Bỏ qua tin tuyển dụng KHÔNG phải tin mới (Thời gian: Đăng1 tháng trước). Tiếp tục tìm kiếm.
Bỏ qua tin tuyển dụng KHÔNG phải tin mới (Thời gian: Đăng1 tháng trước). Tiếp tục tìm kiếm.
Bỏ qua tin tuyển dụng KHÔNG phải tin mới (Thời gian: Đăng1 tháng trước). Tiếp tục tìm kiếm.
Bỏ qua tin tuyển dụng KHÔNG phải tin mới (Thời gian: Đăng1 tháng trước). Tiếp tục tìm kiếm.
Bỏ qua tin tuyển dụng KHÔNG phải tin mới (Thời gian: Đăng1 tháng trước). Tiếp tục tìm kiếm.
Bỏ qua tin tuyển dụng KHÔNG phải tin mới (Thời gian: Đăng1 tháng trước). Tiếp tục tìm kiếm.
Bỏ qua tin tuyển dụng KHÔNG phải tin mới (Thời gian: Đăng1 tháng trước). Tiếp tục tìm kiếm.
Bỏ qua tin tuyển dụng KHÔNG phải tin mới (Thời gian: Đăng1 tháng trước). Tiếp tục tìm kiếm.
Bỏ qua tin tuyển dụng KHÔNG phải tin mới (Thời gian: Đăng1 tháng trước). Tiếp tục tìm kiếm.
Bỏ qua tin tuyển dụng KHÔNG phải tin mới (Thời gian: Đăng1 tuần trước). Tiếp tục tìm kiếm.
Bỏ qua tin tuyển dụng KHÔNG phải tin mới (Thời gian: Đăng1 tuần trước). Tiếp tục tìm kiếm.
Bỏ qua tin tuyển dụng KHÔNG phải tin mới (Thời gian: Đăng1 tuần trước). Tiếp tục tìm kiếm.
Bỏ qua tin tuyển dụng KHÔNG phải tin mới (Thời gian: Đăng1 tuần trước). Tiếp tục tìm kiếm.
Bỏ qua tin tuyển dụng KHÔNG phải tin mới (Thời gian: Đăng1 tháng trước). Tiếp tục tìm kiếm.
Bỏ qua tin tuyển dụng KHÔNG phải tin mới (Thời gian: Đăng3 tuần trước). Tiếp tục tìm kiếm.
Bỏ qua tin tuyển dụng KHÔNG phải tin mới (Thời gian: Đăng1 tuần trước). Tiếp tục tìm kiếm.
Hoàn thành trích xuất Trang 69. Đã thêm 10 công việc. Tổng số BẢN GHI (đã nhân bản): 2652.
Tạm dừng 5.36 giây trước khi chuyển sang trang tiếp theo.

--- Đang gửi GET Request cho Trang 70 tại URL: https://www.topcv.vn/tim-viec-lam-moi-nhat?sort=new&type_keyword=1&sba=1&page=70 ---
Bỏ qua tin tuyển dụng KHÔNG phải tin mới (Thời gian: Đăng1 tuần trước). Tiếp tục tìm kiếm.
Bỏ qua tin tuyển dụng KHÔNG phải tin mới (Thời gian: Đăng1 tháng trước). Tiếp tục tìm kiếm.
Bỏ qua tin tuyển dụng KHÔNG phải tin mới (Thời gian: Đăng1 tuần trước). Tiếp tục tìm kiếm.
Bỏ qua tin tuyển dụng KHÔNG phải tin mới (Thời gian: Đăng3 tuần trước). Tiếp tục tìm kiếm.
Bỏ qua tin tuyển dụng KHÔNG phải tin mới (Thời gian: Đăng1 tuần trước). Tiếp tục tìm kiếm.
Bỏ qua tin tuyển dụng KHÔNG phải tin mới (Thời gian: Đăng1 tuần trước). Tiếp tục tìm kiếm.
Bỏ qua tin tuyển dụng KHÔNG phải tin mới (Thời gian: Đăng1 tháng trước). Tiếp tục tìm kiếm.
Bỏ qua tin tuyển dụng KHÔNG phải tin mới (Thời gian: Đăng1 tuần trước). Tiếp tục tìm kiếm.
Bỏ qua tin tuyển dụng KHÔNG phải tin mới (Thời gian: Đăng1 tháng trước). Tiếp tục tìm kiếm.
Bỏ qua tin tuyển dụng KHÔNG phải tin mới (Thời gian: Đăng3 tuần trước). Tiếp tục tìm kiếm.
Bỏ qua tin tuyển dụng KHÔNG phải tin mới (Thời gian: Đăng1 tháng trước). Tiếp tục tìm kiếm.
Bỏ qua tin tuyển dụng KHÔNG phải tin mới (Thời gian: Đăng1 tuần trước). Tiếp tục tìm kiếm.
Bỏ qua tin tuyển dụng KHÔNG phải tin mới (Thời gian: Đăng1 tháng trước). Tiếp tục tìm kiếm.
Bỏ qua tin tuyển dụng KHÔNG phải tin mới (Thời gian: Đăng2 tuần trước). Tiếp tục tìm kiếm.
Bỏ qua tin tuyển dụng KHÔNG phải tin mới (Thời gian: Đăng1 tuần trước). Tiếp tục tìm kiếm.
Bỏ qua tin tuyển dụng KHÔNG phải tin mới (Thời gian: Đăng1 tuần trước). Tiếp tục tìm kiếm.
Bỏ qua tin tuyển dụng KHÔNG phải tin mới (Thời gian: Đăng1 tháng trước). Tiếp tục tìm kiếm.
Bỏ qua tin tuyển dụng KHÔNG phải tin mới (Thời gian: Đăng1 tuần trước). Tiếp tục tìm kiếm.
Bỏ qua tin tuyển dụng KHÔNG phải tin mới (Thời gian: Đăng3 tuần trước). Tiếp tục tìm kiếm.
Bỏ qua tin tuyển dụng KHÔNG phải tin mới (Thời gian: Đăng1 tuần trước). Tiếp tục tìm kiếm.
Bỏ qua tin tuyển dụng KHÔNG phải tin mới (Thời gian: Đăng3 tuần trước). Tiếp tục tìm kiếm.
Bỏ qua tin tuyển dụng KHÔNG phải tin mới (Thời gian: Đăng1 tuần trước). Tiếp tục tìm kiếm.
Bỏ qua tin tuyển dụng KHÔNG phải tin mới (Thời gian: Đăng1 tháng trước). Tiếp tục tìm kiếm.
Bỏ qua tin tuyển dụng KHÔNG phải tin mới (Thời gian: Đăng1 tuần trước). Tiếp tục tìm kiếm.
Bỏ qua tin tuyển dụng KHÔNG phải tin mới (Thời gian: Đăng2 tuần trước). Tiếp tục tìm kiếm.
Bỏ qua tin tuyển dụng KHÔNG phải tin mới (Thời gian: Đăng3 tuần trước). Tiếp tục tìm kiếm.
Bỏ qua tin tuyển dụng KHÔNG phải tin mới (Thời gian: Đăng3 tuần trước). Tiếp tục tìm kiếm.
Bỏ qua tin tuyển dụng KHÔNG phải tin mới (Thời gian: Đăng1 tuần trước). Tiếp tục tìm kiếm.
Bỏ qua tin tuyển dụng KHÔNG phải tin mới (Thời gian: Đăng3 tuần trước). Tiếp tục tìm kiếm.
Bỏ qua tin tuyển dụng KHÔNG phải tin mới (Thời gian: Đăng2 tuần trước). Tiếp tục tìm kiếm.
Bỏ qua tin tuyển dụng KHÔNG phải tin mới (Thời gian: Đăng2 tuần trước). Tiếp tục tìm kiếm.
Bỏ qua tin tuyển dụng KHÔNG phải tin mới (Thời gian: Đăng2 tuần trước). Tiếp tục tìm kiếm.
Bỏ qua tin tuyển dụng KHÔNG phải tin mới (Thời gian: Đăng1 tuần trước). Tiếp tục tìm kiếm.
Bỏ qua tin tuyển dụng KHÔNG phải tin mới (Thời gian: Đăng3 tuần trước). Tiếp tục tìm kiếm.
Hoàn thành trích xuất Trang 70. Đã thêm 16 công việc. Tổng số BẢN GHI (đã nhân bản): 2680.
Tạm dừng 10.21 giây trước khi chuyển sang trang tiếp theo.

--- Đang gửi GET Request cho Trang 71 tại URL: https://www.topcv.vn/tim-viec-lam-moi-nhat?sort=new&type_keyword=1&sba=1&page=71 ---
Bỏ qua tin tuyển dụng KHÔNG phải tin mới (Thời gian: Đăng1 tuần trước). Tiếp tục tìm kiếm.
Bỏ qua tin tuyển dụng KHÔNG phải tin mới (Thời gian: Đăng1 tháng trước). Tiếp tục tìm kiếm.
Bỏ qua tin tuyển dụng KHÔNG phải tin mới (Thời gian: Đăng1 tuần trước). Tiếp tục tìm kiếm.
Bỏ qua tin tuyển dụng KHÔNG phải tin mới (Thời gian: Đăng1 tuần trước). Tiếp tục tìm kiếm.
Bỏ qua tin tuyển dụng KHÔNG phải tin mới (Thời gian: Đăng1 tháng trước). Tiếp tục tìm kiếm.
Bỏ qua tin tuyển dụng KHÔNG phải tin mới (Thời gian: Đăng1 tuần trước). Tiếp tục tìm kiếm.
Bỏ qua tin tuyển dụng KHÔNG phải tin mới (Thời gian: Đăng1 tháng trước). Tiếp tục tìm kiếm.
Bỏ qua tin tuyển dụng KHÔNG phải tin mới (Thời gian: Đăng2 tuần trước). Tiếp tục tìm kiếm.
Bỏ qua tin tuyển dụng KHÔNG phải tin mới (Thời gian: Đăng1 tuần trước). Tiếp tục tìm kiếm.
Bỏ qua tin tuyển dụng KHÔNG phải tin mới (Thời gian: Đăng1 tuần trước). Tiếp tục tìm kiếm.
Bỏ qua tin tuyển dụng KHÔNG phải tin mới (Thời gian: Đăng3 tuần trước). Tiếp tục tìm kiếm.
Bỏ qua tin tuyển dụng KHÔNG phải tin mới (Thời gian: Đăng3 tuần trước). Tiếp tục tìm kiếm.
Bỏ qua tin tuyển dụng KHÔNG phải tin mới (Thời gian: Đăng1 tuần trước). Tiếp tục tìm kiếm.
Bỏ qua tin tuyển dụng KHÔNG phải tin mới (Thời gian: Đăng2 tháng trước). Tiếp tục tìm kiếm.
Bỏ qua tin tuyển dụng KHÔNG phải tin mới (Thời gian: Đăng3 tuần trước). Tiếp tục tìm kiếm.
Bỏ qua tin tuyển dụng KHÔNG phải tin mới (Thời gian: Đăng3 tuần trước). Tiếp tục tìm kiếm.
Bỏ qua tin tuyển dụng KHÔNG phải tin mới (Thời gian: Đăng1 tuần trước). Tiếp tục tìm kiếm.
Bỏ qua tin tuyển dụng KHÔNG phải tin mới (Thời gian: Đăng3 tuần trước). Tiếp tục tìm kiếm.
Bỏ qua tin tuyển dụng KHÔNG phải tin mới (Thời gian: Đăng1 tháng trước). Tiếp tục tìm kiếm.
Bỏ qua tin tuyển dụng KHÔNG phải tin mới (Thời gian: Đăng1 tuần trước). Tiếp tục tìm kiếm.
Bỏ qua tin tuyển dụng KHÔNG phải tin mới (Thời gian: Đăng1 tháng trước). Tiếp tục tìm kiếm.
Bỏ qua tin tuyển dụng KHÔNG phải tin mới (Thời gian: Đăng1 tuần trước). Tiếp tục tìm kiếm.
Bỏ qua tin tuyển dụng KHÔNG phải tin mới (Thời gian: Đăng1 tháng trước). Tiếp tục tìm kiếm.
Bỏ qua tin tuyển dụng KHÔNG phải tin mới (Thời gian: Đăng3 tuần trước). Tiếp tục tìm kiếm.
Bỏ qua tin tuyển dụng KHÔNG phải tin mới (Thời gian: Đăng3 tuần trước). Tiếp tục tìm kiếm.
Bỏ qua tin tuyển dụng KHÔNG phải tin mới (Thời gian: Đăng3 tuần trước). Tiếp tục tìm kiếm.
Bỏ qua tin tuyển dụng KHÔNG phải tin mới (Thời gian: Đăng1 tuần trước). Tiếp tục tìm kiếm.
Bỏ qua tin tuyển dụng KHÔNG phải tin mới (Thời gian: Đăng4 tuần trước). Tiếp tục tìm kiếm.
Bỏ qua tin tuyển dụng KHÔNG phải tin mới (Thời gian: Đăng1 tuần trước). Tiếp tục tìm kiếm.
Bỏ qua tin tuyển dụng KHÔNG phải tin mới (Thời gian: Đăng1 tháng trước). Tiếp tục tìm kiếm.
Bỏ qua tin tuyển dụng KHÔNG phải tin mới (Thời gian: Đăng1 tuần trước). Tiếp tục tìm kiếm.
Bỏ qua tin tuyển dụng KHÔNG phải tin mới (Thời gian: Đăng1 tuần trước). Tiếp tục tìm kiếm.
Bỏ qua tin tuyển dụng KHÔNG phải tin mới (Thời gian: Đăng1 tuần trước). Tiếp tục tìm kiếm.
Bỏ qua tin tuyển dụng KHÔNG phải tin mới (Thời gian: Đăng1 tuần trước). Tiếp tục tìm kiếm.
Hoàn thành trích xuất Trang 71. Đã thêm 16 công việc. Tổng số BẢN GHI (đã nhân bản): 2709.
Tạm dừng 8.26 giây trước khi chuyển sang trang tiếp theo.

--- Đang gửi GET Request cho Trang 72 tại URL: https://www.topcv.vn/tim-viec-lam-moi-nhat?sort=new&type_keyword=1&sba=1&page=72 ---
Bỏ qua tin tuyển dụng KHÔNG phải tin mới (Thời gian: Đăng1 tháng trước). Tiếp tục tìm kiếm.
Bỏ qua tin tuyển dụng KHÔNG phải tin mới (Thời gian: Đăng1 tuần trước). Tiếp tục tìm kiếm.
Bỏ qua tin tuyển dụng KHÔNG phải tin mới (Thời gian: Đăng1 tuần trước). Tiếp tục tìm kiếm.
Bỏ qua tin tuyển dụng KHÔNG phải tin mới (Thời gian: Đăng1 tuần trước). Tiếp tục tìm kiếm.
Bỏ qua tin tuyển dụng KHÔNG phải tin mới (Thời gian: Đăng1 tháng trước). Tiếp tục tìm kiếm.
Bỏ qua tin tuyển dụng KHÔNG phải tin mới (Thời gian: Đăng1 tuần trước). Tiếp tục tìm kiếm.
Bỏ qua tin tuyển dụng KHÔNG phải tin mới (Thời gian: Đăng1 tuần trước). Tiếp tục tìm kiếm.
Bỏ qua tin tuyển dụng KHÔNG phải tin mới (Thời gian: Đăng1 tháng trước). Tiếp tục tìm kiếm.
Bỏ qua tin tuyển dụng KHÔNG phải tin mới (Thời gian: Đăng1 tuần trước). Tiếp tục tìm kiếm.
Bỏ qua tin tuyển dụng KHÔNG phải tin mới (Thời gian: Đăng2 tuần trước). Tiếp tục tìm kiếm.
Bỏ qua tin tuyển dụng KHÔNG phải tin mới (Thời gian: Đăng3 tuần trước). Tiếp tục tìm kiếm.
Bỏ qua tin tuyển dụng KHÔNG phải tin mới (Thời gian: Đăng1 tuần trước). Tiếp tục tìm kiếm.
Bỏ qua tin tuyển dụng KHÔNG phải tin mới (Thời gian: Đăng1 tuần trước). Tiếp tục tìm kiếm.
Bỏ qua tin tuyển dụng KHÔNG phải tin mới (Thời gian: Đăng1 tuần trước). Tiếp tục tìm kiếm.
Bỏ qua tin tuyển dụng KHÔNG phải tin mới (Thời gian: Đăng1 tuần trước). Tiếp tục tìm kiếm.
Bỏ qua tin tuyển dụng KHÔNG phải tin mới (Thời gian: Đăng1 tuần trước). Tiếp tục tìm kiếm.
Bỏ qua tin tuyển dụng KHÔNG phải tin mới (Thời gian: Đăng1 tháng trước). Tiếp tục tìm kiếm.
Bỏ qua tin tuyển dụng KHÔNG phải tin mới (Thời gian: Đăng1 tuần trước). Tiếp tục tìm kiếm.
Hoàn thành trích xuất Trang 72. Đã thêm 32 công việc. Tổng số BẢN GHI (đã nhân bản): 2767.
Tạm dừng 7.01 giây trước khi chuyển sang trang tiếp theo.

--- Đang gửi GET Request cho Trang 73 tại URL: https://www.topcv.vn/tim-viec-lam-moi-nhat?sort=new&type_keyword=1&sba=1&page=73 ---
⚠️ Lỗi 429. Thử lại lần 1/3 sau 30 giây.
Hoàn thành trích xuất Trang 73. Đã thêm 50 công việc. Tổng số BẢN GHI (đã nhân bản): 2860.
Tạm dừng 6.00 giây trước khi chuyển sang trang tiếp theo.

--- Đang gửi GET Request cho Trang 74 tại URL: https://www.topcv.vn/tim-viec-lam-moi-nhat?sort=new&type_keyword=1&sba=1&page=74 ---
Hoàn thành trích xuất Trang 74. Đã thêm 50 công việc. Tổng số BẢN GHI (đã nhân bản): 2953.
Tạm dừng 7.36 giây trước khi chuyển sang trang tiếp theo.

--- Đang gửi GET Request cho Trang 75 tại URL: https://www.topcv.vn/tim-viec-lam-moi-nhat?sort=new&type_keyword=1&sba=1&page=75 ---
Hoàn thành trích xuất Trang 75. Đã thêm 50 công việc. Tổng số BẢN GHI (đã nhân bản): 3049.
Tạm dừng 11.85 giây trước khi chuyển sang trang tiếp theo.

--- Đang gửi GET Request cho Trang 76 tại URL: https://www.topcv.vn/tim-viec-lam-moi-nhat?sort=new&type_keyword=1&sba=1&page=76 ---
⚠️ Lỗi 429. Thử lại lần 1/3 sau 30 giây.
Hoàn thành trích xuất Trang 76. Đã thêm 50 công việc. Tổng số BẢN GHI (đã nhân bản): 3147.
Tạm dừng 7.33 giây trước khi chuyển sang trang tiếp theo.

--- Đang gửi GET Request cho Trang 77 tại URL: https://www.topcv.vn/tim-viec-lam-moi-nhat?sort=new&type_keyword=1&sba=1&page=77 ---
Hoàn thành trích xuất Trang 77. Đã thêm 50 công việc. Tổng số BẢN GHI (đã nhân bản): 3237.
Tạm dừng 10.97 giây trước khi chuyển sang trang tiếp theo.

--- Đang gửi GET Request cho Trang 78 tại URL: https://www.topcv.vn/tim-viec-lam-moi-nhat?sort=new&type_keyword=1&sba=1&page=78 ---
Hoàn thành trích xuất Trang 78. Đã thêm 50 công việc. Tổng số BẢN GHI (đã nhân bản): 3329.
Tạm dừng 5.34 giây trước khi chuyển sang trang tiếp theo.

--- Đang gửi GET Request cho Trang 79 tại URL: https://www.topcv.vn/tim-viec-lam-moi-nhat?sort=new&type_keyword=1&sba=1&page=79 ---
Hoàn thành trích xuất Trang 79. Đã thêm 50 công việc. Tổng số BẢN GHI (đã nhân bản): 3424.
Tạm dừng 10.96 giây trước khi chuyển sang trang tiếp theo.

--- Đang gửi GET Request cho Trang 80 tại URL: https://www.topcv.vn/tim-viec-lam-moi-nhat?sort=new&type_keyword=1&sba=1&page=80 ---
Hoàn thành trích xuất Trang 80. Đã thêm 50 công việc. Tổng số BẢN GHI (đã nhân bản): 3521.
Tạm dừng 9.54 giây trước khi chuyển sang trang tiếp theo.

--- Đang gửi GET Request cho Trang 81 tại URL: https://www.topcv.vn/tim-viec-lam-moi-nhat?sort=new&type_keyword=1&sba=1&page=81 ---
Hoàn thành trích xuất Trang 81. Đã thêm 50 công việc. Tổng số BẢN GHI (đã nhân bản): 3617.
Tạm dừng 9.40 giây trước khi chuyển sang trang tiếp theo.

--- Đang gửi GET Request cho Trang 82 tại URL: https://www.topcv.vn/tim-viec-lam-moi-nhat?sort=new&type_keyword=1&sba=1&page=82 ---
Hoàn thành trích xuất Trang 82. Đã thêm 50 công việc. Tổng số BẢN GHI (đã nhân bản): 3715.
Tạm dừng 7.57 giây trước khi chuyển sang trang tiếp theo.

--- Đang gửi GET Request cho Trang 83 tại URL: https://www.topcv.vn/tim-viec-lam-moi-nhat?sort=new&type_keyword=1&sba=1&page=83 ---
Hoàn thành trích xuất Trang 83. Đã thêm 50 công việc. Tổng số BẢN GHI (đã nhân bản): 3814.
Tạm dừng 6.85 giây trước khi chuyển sang trang tiếp theo.

--- Đang gửi GET Request cho Trang 84 tại URL: https://www.topcv.vn/tim-viec-lam-moi-nhat?sort=new&type_keyword=1&sba=1&page=84 ---
Hoàn thành trích xuất Trang 84. Đã thêm 50 công việc. Tổng số BẢN GHI (đã nhân bản): 3905.
Tạm dừng 10.78 giây trước khi chuyển sang trang tiếp theo.

--- Đang gửi GET Request cho Trang 85 tại URL: https://www.topcv.vn/tim-viec-lam-moi-nhat?sort=new&type_keyword=1&sba=1&page=85 ---
Hoàn thành trích xuất Trang 85. Đã thêm 50 công việc. Tổng số BẢN GHI (đã nhân bản): 3998.
Tạm dừng 9.80 giây trước khi chuyển sang trang tiếp theo.

--- Đang gửi GET Request cho Trang 86 tại URL: https://www.topcv.vn/tim-viec-lam-moi-nhat?sort=new&type_keyword=1&sba=1&page=86 ---
Hoàn thành trích xuất Trang 86. Đã thêm 50 công việc. Tổng số BẢN GHI (đã nhân bản): 4089.
Tạm dừng 7.96 giây trước khi chuyển sang trang tiếp theo.

--- Đang gửi GET Request cho Trang 87 tại URL: https://www.topcv.vn/tim-viec-lam-moi-nhat?sort=new&type_keyword=1&sba=1&page=87 ---
Hoàn thành trích xuất Trang 87. Đã thêm 50 công việc. Tổng số BẢN GHI (đã nhân bản): 4184.
Tạm dừng 5.28 giây trước khi chuyển sang trang tiếp theo.

--- Đang gửi GET Request cho Trang 88 tại URL: https://www.topcv.vn/tim-viec-lam-moi-nhat?sort=new&type_keyword=1&sba=1&page=88 ---
Hoàn thành trích xuất Trang 88. Đã thêm 50 công việc. Tổng số BẢN GHI (đã nhân bản): 4279.
Tạm dừng 9.50 giây trước khi chuyển sang trang tiếp theo.

--- Đang gửi GET Request cho Trang 89 tại URL: https://www.topcv.vn/tim-viec-lam-moi-nhat?sort=new&type_keyword=1&sba=1&page=89 ---
Hoàn thành trích xuất Trang 89. Đã thêm 50 công việc. Tổng số BẢN GHI (đã nhân bản): 4371.
Tạm dừng 5.48 giây trước khi chuyển sang trang tiếp theo.

--- Đang gửi GET Request cho Trang 90 tại URL: https://www.topcv.vn/tim-viec-lam-moi-nhat?sort=new&type_keyword=1&sba=1&page=90 ---
Hoàn thành trích xuất Trang 90. Đã thêm 50 công việc. Tổng số BẢN GHI (đã nhân bản): 4468.
Tạm dừng 9.75 giây trước khi chuyển sang trang tiếp theo.

--- Đang gửi GET Request cho Trang 91 tại URL: https://www.topcv.vn/tim-viec-lam-moi-nhat?sort=new&type_keyword=1&sba=1&page=91 ---
Hoàn thành trích xuất Trang 91. Đã thêm 50 công việc. Tổng số BẢN GHI (đã nhân bản): 4559.
Tạm dừng 9.05 giây trước khi chuyển sang trang tiếp theo.

--- Đang gửi GET Request cho Trang 92 tại URL: https://www.topcv.vn/tim-viec-lam-moi-nhat?sort=new&type_keyword=1&sba=1&page=92 ---
Hoàn thành trích xuất Trang 92. Đã thêm 50 công việc. Tổng số BẢN GHI (đã nhân bản): 4657.
Tạm dừng 8.12 giây trước khi chuyển sang trang tiếp theo.

--- Đang gửi GET Request cho Trang 93 tại URL: https://www.topcv.vn/tim-viec-lam-moi-nhat?sort=new&type_keyword=1&sba=1&page=93 ---
Hoàn thành trích xuất Trang 93. Đã thêm 50 công việc. Tổng số BẢN GHI (đã nhân bản): 4749.
Tạm dừng 11.26 giây trước khi chuyển sang trang tiếp theo.

--- Đang gửi GET Request cho Trang 94 tại URL: https://www.topcv.vn/tim-viec-lam-moi-nhat?sort=new&type_keyword=1&sba=1&page=94 ---
Hoàn thành trích xuất Trang 94. Đã thêm 50 công việc. Tổng số BẢN GHI (đã nhân bản): 4845.
Tạm dừng 6.09 giây trước khi chuyển sang trang tiếp theo.

--- Đang gửi GET Request cho Trang 95 tại URL: https://www.topcv.vn/tim-viec-lam-moi-nhat?sort=new&type_keyword=1&sba=1&page=95 ---
Hoàn thành trích xuất Trang 95. Đã thêm 50 công việc. Tổng số BẢN GHI (đã nhân bản): 4933.
Tạm dừng 8.33 giây trước khi chuyển sang trang tiếp theo.

--- Đang gửi GET Request cho Trang 96 tại URL: https://www.topcv.vn/tim-viec-lam-moi-nhat?sort=new&type_keyword=1&sba=1&page=96 ---
Hoàn thành trích xuất Trang 96. Đã thêm 50 công việc. Tổng số BẢN GHI (đã nhân bản): 5027.
Tạm dừng 6.72 giây trước khi chuyển sang trang tiếp theo.

--- Đang gửi GET Request cho Trang 97 tại URL: https://www.topcv.vn/tim-viec-lam-moi-nhat?sort=new&type_keyword=1&sba=1&page=97 ---
Hoàn thành trích xuất Trang 97. Đã thêm 50 công việc. Tổng số BẢN GHI (đã nhân bản): 5120.
Tạm dừng 5.89 giây trước khi chuyển sang trang tiếp theo.

--- Đang gửi GET Request cho Trang 98 tại URL: https://www.topcv.vn/tim-viec-lam-moi-nhat?sort=new&type_keyword=1&sba=1&page=98 ---
Hoàn thành trích xuất Trang 98. Đã thêm 50 công việc. Tổng số BẢN GHI (đã nhân bản): 5215.
Tạm dừng 7.31 giây trước khi chuyển sang trang tiếp theo.

--- Đang gửi GET Request cho Trang 99 tại URL: https://www.topcv.vn/tim-viec-lam-moi-nhat?sort=new&type_keyword=1&sba=1&page=99 ---
Hoàn thành trích xuất Trang 99. Đã thêm 50 công việc. Tổng số BẢN GHI (đã nhân bản): 5309.
Tạm dừng 11.07 giây trước khi chuyển sang trang tiếp theo.

--- Đang gửi GET Request cho Trang 100 tại URL: https://www.topcv.vn/tim-viec-lam-moi-nhat?sort=new&type_keyword=1&sba=1&page=100 ---
Hoàn thành trích xuất Trang 100. Đã thêm 50 công việc. Tổng số BẢN GHI (đã nhân bản): 5404.
Tạm dừng 9.08 giây trước khi chuyển sang trang tiếp theo.
⚠️ Giới hạn crawl đã đạt 100 trang. Dừng vòng lặp.
--- BÁO CÁO SỐ LƯỢNG DATA ---
Tổng số TIN TUYỂN DỤNG DUY NHẤT (trước khi Load): 2952
Tổng số BẢN GHI (đã nhân bản theo địa điểm): 5404
-----------------------------

✅ Đã lưu thành công 5404 bản ghi mới vào MySQL.
Đã đóng kết nối MySQL.
